year,agenda_item_manual,n,agenda_item1
1992,Zimbabwe,NA,Africa
1993,Zimbabwe,NA,Africa
1994,Zimbabwe,NA,Africa
1995,Zimbabwe,NA,Africa
1996,Zimbabwe,NA,Africa
1997,Zimbabwe,NA,Africa
1998,Zimbabwe,NA,Africa
1999,Zimbabwe,NA,Africa
2000,Zimbabwe,NA,Africa
2001,Zimbabwe,NA,Africa
2002,Zimbabwe,NA,Africa
2003,Zimbabwe,NA,Africa
2004,Zimbabwe,NA,Africa
2005,Zimbabwe,NA,Africa
2006,Zimbabwe,NA,Africa
2007,Zimbabwe,NA,Africa
2008,Zimbabwe,4,Africa
2009,Zimbabwe,NA,Africa
2010,Zimbabwe,NA,Africa
2011,Zimbabwe,NA,Africa
2012,Zimbabwe,NA,Africa
2013,Zimbabwe,NA,Africa
2014,Zimbabwe,NA,Africa
2015,Zimbabwe,NA,Africa
2016,Zimbabwe,NA,Africa
2017,Zimbabwe,NA,Africa
2018,Zimbabwe,NA,Africa
2019,Zimbabwe,NA,Africa
2020,Zimbabwe,NA,Africa
2021,Zimbabwe,NA,Africa
2022,Zimbabwe,NA,Africa
1992,Western Sahara,NA,Africa
1993,Western Sahara,1,Africa
1994,Western Sahara,3,Africa
1995,Western Sahara,6,Africa
1996,Western Sahara,3,Africa
1997,Western Sahara,4,Africa
1998,Western Sahara,6,Africa
1999,Western Sahara,7,Africa
2000,Western Sahara,4,Africa
2001,Western Sahara,4,Africa
2002,Western Sahara,3,Africa
2003,Western Sahara,5,Africa
2004,Western Sahara,3,Africa
2005,Western Sahara,2,Africa
2006,Western Sahara,2,Africa
2007,Western Sahara,2,Africa
2008,Western Sahara,1,Africa
2009,Western Sahara,1,Africa
2010,Western Sahara,1,Africa
2011,Western Sahara,1,Africa
2012,Western Sahara,1,Africa
2013,Western Sahara,1,Africa
2014,Western Sahara,1,Africa
2015,Western Sahara,1,Africa
2016,Western Sahara,1,Africa
2017,Western Sahara,1,Africa
2018,Western Sahara,2,Africa
2019,Western Sahara,2,Africa
2020,Western Sahara,1,Africa
2021,Western Sahara,1,Africa
2022,Western Sahara,NA,Africa
1992,West Africa,NA,Africa
1993,West Africa,NA,Africa
1994,West Africa,NA,Africa
1995,West Africa,NA,Africa
1996,West Africa,NA,Africa
1997,West Africa,NA,Africa
1998,West Africa,NA,Africa
1999,West Africa,NA,Africa
2000,West Africa,NA,Africa
2001,West Africa,2,Africa
2002,West Africa,NA,Africa
2003,West Africa,NA,Africa
2004,West Africa,1,Africa
2005,West Africa,1,Africa
2006,West Africa,1,Africa
2007,West Africa,NA,Africa
2008,West Africa,NA,Africa
2009,West Africa,4,Africa
2010,West Africa,4,Africa
2011,West Africa,1,Africa
2012,West Africa,4,Africa
2013,West Africa,4,Africa
2014,West Africa,1,Africa
2015,West Africa,2,Africa
2016,West Africa,5,Africa
2017,West Africa,5,Africa
2018,West Africa,4,Africa
2019,West Africa,3,Africa
2020,West Africa,4,Africa
2021,West Africa,3,Africa
2022,West Africa,2,Africa
1992,Uganda,NA,Africa
1993,Uganda,NA,Africa
1994,Uganda,NA,Africa
1995,Uganda,NA,Africa
1996,Uganda,NA,Africa
1997,Uganda,NA,Africa
1998,Uganda,NA,Africa
1999,Uganda,NA,Africa
2000,Uganda,NA,Africa
2001,Uganda,NA,Africa
2002,Uganda,NA,Africa
2003,Uganda,NA,Africa
2004,Uganda,NA,Africa
2005,Uganda,NA,Africa
2006,Uganda,1,Africa
2007,Uganda,NA,Africa
2008,Uganda,NA,Africa
2009,Uganda,NA,Africa
2010,Uganda,NA,Africa
2011,Uganda,NA,Africa
2012,Uganda,NA,Africa
2013,Uganda,NA,Africa
2014,Uganda,NA,Africa
2015,Uganda,NA,Africa
2016,Uganda,NA,Africa
2017,Uganda,NA,Africa
2018,Uganda,NA,Africa
2019,Uganda,NA,Africa
2020,Uganda,NA,Africa
2021,Uganda,NA,Africa
2022,Uganda,NA,Africa
1992,Sudan/South Sudan,NA,Africa
1993,Sudan/South Sudan,NA,Africa
1994,Sudan/South Sudan,NA,Africa
1995,Sudan/South Sudan,NA,Africa
1996,Sudan/South Sudan,NA,Africa
1997,Sudan/South Sudan,NA,Africa
1998,Sudan/South Sudan,NA,Africa
1999,Sudan/South Sudan,NA,Africa
2000,Sudan/South Sudan,NA,Africa
2001,Sudan/South Sudan,NA,Africa
2002,Sudan/South Sudan,NA,Africa
2003,Sudan/South Sudan,NA,Africa
2004,Sudan/South Sudan,NA,Africa
2005,Sudan/South Sudan,NA,Africa
2006,Sudan/South Sudan,NA,Africa
2007,Sudan/South Sudan,NA,Africa
2008,Sudan/South Sudan,NA,Africa
2009,Sudan/South Sudan,NA,Africa
2010,Sudan/South Sudan,NA,Africa
2011,Sudan/South Sudan,NA,Africa
2012,Sudan/South Sudan,16,Africa
2013,Sudan/South Sudan,16,Africa
2014,Sudan/South Sudan,21,Africa
2015,Sudan/South Sudan,20,Africa
2016,Sudan/South Sudan,25,Africa
2017,Sudan/South Sudan,25,Africa
2018,Sudan/South Sudan,30,Africa
2019,Sudan/South Sudan,28,Africa
2020,Sudan/South Sudan,24,Africa
2021,Sudan/South Sudan,24,Africa
2022,Sudan/South Sudan,13,Africa
1992,Sudan,NA,Africa
1993,Sudan,NA,Africa
1994,Sudan,NA,Africa
1995,Sudan,NA,Africa
1996,Sudan,3,Africa
1997,Sudan,NA,Africa
1998,Sudan,NA,Africa
1999,Sudan,NA,Africa
2000,Sudan,NA,Africa
2001,Sudan,1,Africa
2002,Sudan,NA,Africa
2003,Sudan,1,Africa
2004,Sudan,10,Africa
2005,Sudan,19,Africa
2006,Sudan,20,Africa
2007,Sudan,10,Africa
2008,Sudan,21,Africa
2009,Sudan,12,Africa
2010,Sudan,12,Africa
2011,Sudan,27,Africa
2012,Sudan,NA,Africa
2013,Sudan,NA,Africa
2014,Sudan,NA,Africa
2015,Sudan,NA,Africa
2016,Sudan,NA,Africa
2017,Sudan,NA,Africa
2018,Sudan,NA,Africa
2019,Sudan,NA,Africa
2020,Sudan,NA,Africa
2021,Sudan,NA,Africa
2022,Sudan,NA,Africa
1992,South Africa,3,Africa
1993,South Africa,3,Africa
1994,South Africa,4,Africa
1995,South Africa,NA,Africa
1996,South Africa,NA,Africa
1997,South Africa,NA,Africa
1998,South Africa,NA,Africa
1999,South Africa,NA,Africa
2000,South Africa,NA,Africa
2001,South Africa,NA,Africa
2002,South Africa,NA,Africa
2003,South Africa,NA,Africa
2004,South Africa,NA,Africa
2005,South Africa,NA,Africa
2006,South Africa,NA,Africa
2007,South Africa,NA,Africa
2008,South Africa,NA,Africa
2009,South Africa,NA,Africa
2010,South Africa,NA,Africa
2011,South Africa,NA,Africa
2012,South Africa,NA,Africa
2013,South Africa,NA,Africa
2014,South Africa,NA,Africa
2015,South Africa,NA,Africa
2016,South Africa,NA,Africa
2017,South Africa,NA,Africa
2018,South Africa,NA,Africa
2019,South Africa,NA,Africa
2020,South Africa,NA,Africa
2021,South Africa,NA,Africa
2022,South Africa,NA,Africa
1992,Somalia,6,Africa
1993,Somalia,6,Africa
1994,Somalia,5,Africa
1995,Somalia,1,Africa
1996,Somalia,3,Africa
1997,Somalia,3,Africa
1998,Somalia,NA,Africa
1999,Somalia,2,Africa
2000,Somalia,2,Africa
2001,Somalia,4,Africa
2002,Somalia,5,Africa
2003,Somalia,4,Africa
2004,Somalia,5,Africa
2005,Somalia,5,Africa
2006,Somalia,7,Africa
2007,Somalia,7,Africa
2008,Somalia,16,Africa
2009,Somalia,11,Africa
2010,Somalia,11,Africa
2011,Somalia,16,Africa
2012,Somalia,11,Africa
2013,Somalia,11,Africa
2014,Somalia,9,Africa
2015,Somalia,9,Africa
2016,Somalia,10,Africa
2017,Somalia,11,Africa
2018,Somalia,10,Africa
2019,Somalia,9,Africa
2020,Somalia,13,Africa
2021,Somalia,14,Africa
2022,Somalia,6,Africa
1992,Sierra Leone,NA,Africa
1993,Sierra Leone,NA,Africa
1994,Sierra Leone,NA,Africa
1995,Sierra Leone,1,Africa
1996,Sierra Leone,3,Africa
1997,Sierra Leone,6,Africa
1998,Sierra Leone,7,Africa
1999,Sierra Leone,8,Africa
2000,Sierra Leone,14,Africa
2001,Sierra Leone,5,Africa
2002,Sierra Leone,5,Africa
2003,Sierra Leone,3,Africa
2004,Sierra Leone,2,Africa
2005,Sierra Leone,4,Africa
2006,Sierra Leone,2,Africa
2007,Sierra Leone,4,Africa
2008,Sierra Leone,2,Africa
2009,Sierra Leone,5,Africa
2010,Sierra Leone,3,Africa
2011,Sierra Leone,3,Africa
2012,Sierra Leone,6,Africa
2013,Sierra Leone,3,Africa
2014,Sierra Leone,1,Africa
2015,Sierra Leone,NA,Africa
2016,Sierra Leone,NA,Africa
2017,Sierra Leone,NA,Africa
2018,Sierra Leone,NA,Africa
2019,Sierra Leone,NA,Africa
2020,Sierra Leone,NA,Africa
2021,Sierra Leone,NA,Africa
2022,Sierra Leone,NA,Africa
1992,Rwanda,NA,Africa
1993,Rwanda,5,Africa
1994,Rwanda,19,Africa
1995,Rwanda,13,Africa
1996,Rwanda,2,Africa
1997,Rwanda,NA,Africa
1998,Rwanda,5,Africa
1999,Rwanda,1,Africa
2000,Rwanda,1,Africa
2001,Rwanda,NA,Africa
2002,Rwanda,NA,Africa
2003,Rwanda,NA,Africa
2004,Rwanda,NA,Africa
2005,Rwanda,NA,Africa
2006,Rwanda,NA,Africa
2007,Rwanda,1,Africa
2008,Rwanda,1,Africa
2009,Rwanda,NA,Africa
2010,Rwanda,NA,Africa
2011,Rwanda,NA,Africa
2012,Rwanda,NA,Africa
2013,Rwanda,NA,Africa
2014,Rwanda,NA,Africa
2015,Rwanda,NA,Africa
2016,Rwanda,NA,Africa
2017,Rwanda,NA,Africa
2018,Rwanda,NA,Africa
2019,Rwanda,NA,Africa
2020,Rwanda,NA,Africa
2021,Rwanda,NA,Africa
2022,Rwanda,NA,Africa
1992,Republic Of The Congo,NA,Africa
1993,Republic Of The Congo,NA,Africa
1994,Republic Of The Congo,NA,Africa
1995,Republic Of The Congo,NA,Africa
1996,Republic Of The Congo,NA,Africa
1997,Republic Of The Congo,2,Africa
1998,Republic Of The Congo,NA,Africa
1999,Republic Of The Congo,NA,Africa
2000,Republic Of The Congo,NA,Africa
2001,Republic Of The Congo,NA,Africa
2002,Republic Of The Congo,NA,Africa
2003,Republic Of The Congo,NA,Africa
2004,Republic Of The Congo,NA,Africa
2005,Republic Of The Congo,NA,Africa
2006,Republic Of The Congo,NA,Africa
2007,Republic Of The Congo,NA,Africa
2008,Republic Of The Congo,NA,Africa
2009,Republic Of The Congo,NA,Africa
2010,Republic Of The Congo,NA,Africa
2011,Republic Of The Congo,NA,Africa
2012,Republic Of The Congo,NA,Africa
2013,Republic Of The Congo,NA,Africa
2014,Republic Of The Congo,NA,Africa
2015,Republic Of The Congo,NA,Africa
2016,Republic Of The Congo,NA,Africa
2017,Republic Of The Congo,NA,Africa
2018,Republic Of The Congo,NA,Africa
2019,Republic Of The Congo,NA,Africa
2020,Republic Of The Congo,NA,Africa
2021,Republic Of The Congo,NA,Africa
2022,Republic Of The Congo,NA,Africa
1992,Mozambique,3,Africa
1993,Mozambique,5,Africa
1994,Mozambique,8,Africa
1995,Mozambique,1,Africa
1996,Mozambique,NA,Africa
1997,Mozambique,NA,Africa
1998,Mozambique,NA,Africa
1999,Mozambique,NA,Africa
2000,Mozambique,NA,Africa
2001,Mozambique,NA,Africa
2002,Mozambique,NA,Africa
2003,Mozambique,NA,Africa
2004,Mozambique,NA,Africa
2005,Mozambique,NA,Africa
2006,Mozambique,NA,Africa
2007,Mozambique,NA,Africa
2008,Mozambique,NA,Africa
2009,Mozambique,NA,Africa
2010,Mozambique,NA,Africa
2011,Mozambique,NA,Africa
2012,Mozambique,NA,Africa
2013,Mozambique,NA,Africa
2014,Mozambique,NA,Africa
2015,Mozambique,NA,Africa
2016,Mozambique,NA,Africa
2017,Mozambique,NA,Africa
2018,Mozambique,NA,Africa
2019,Mozambique,NA,Africa
2020,Mozambique,NA,Africa
2021,Mozambique,NA,Africa
2022,Mozambique,NA,Africa
1992,Mauritania,NA,Africa
1993,Mauritania,NA,Africa
1994,Mauritania,NA,Africa
1995,Mauritania,NA,Africa
1996,Mauritania,NA,Africa
1997,Mauritania,NA,Africa
1998,Mauritania,NA,Africa
1999,Mauritania,NA,Africa
2000,Mauritania,NA,Africa
2001,Mauritania,NA,Africa
2002,Mauritania,NA,Africa
2003,Mauritania,NA,Africa
2004,Mauritania,NA,Africa
2005,Mauritania,NA,Africa
2006,Mauritania,NA,Africa
2007,Mauritania,NA,Africa
2008,Mauritania,1,Africa
2009,Mauritania,NA,Africa
2010,Mauritania,NA,Africa
2011,Mauritania,NA,Africa
2012,Mauritania,NA,Africa
2013,Mauritania,NA,Africa
2014,Mauritania,NA,Africa
2015,Mauritania,NA,Africa
2016,Mauritania,NA,Africa
2017,Mauritania,NA,Africa
2018,Mauritania,NA,Africa
2019,Mauritania,NA,Africa
2020,Mauritania,NA,Africa
2021,Mauritania,NA,Africa
2022,Mauritania,NA,Africa
1992,Mali,NA,Africa
1993,Mali,NA,Africa
1994,Mali,NA,Africa
1995,Mali,NA,Africa
1996,Mali,NA,Africa
1997,Mali,NA,Africa
1998,Mali,NA,Africa
1999,Mali,NA,Africa
2000,Mali,NA,Africa
2001,Mali,NA,Africa
2002,Mali,NA,Africa
2003,Mali,NA,Africa
2004,Mali,NA,Africa
2005,Mali,NA,Africa
2006,Mali,NA,Africa
2007,Mali,NA,Africa
2008,Mali,NA,Africa
2009,Mali,NA,Africa
2010,Mali,NA,Africa
2011,Mali,NA,Africa
2012,Mali,7,Africa
2013,Mali,5,Africa
2014,Mali,8,Africa
2015,Mali,6,Africa
2016,Mali,6,Africa
2017,Mali,6,Africa
2018,Mali,6,Africa
2019,Mali,7,Africa
2020,Mali,8,Africa
2021,Mali,7,Africa
2022,Mali,5,Africa
1992,Libya,3,Africa
1993,Libya,1,Africa
1994,Libya,NA,Africa
1995,Libya,NA,Africa
1996,Libya,1,Africa
1997,Libya,3,Africa
1998,Libya,2,Africa
1999,Libya,2,Africa
2000,Libya,NA,Africa
2001,Libya,NA,Africa
2002,Libya,NA,Africa
2003,Libya,1,Africa
2004,Libya,1,Africa
2005,Libya,NA,Africa
2006,Libya,NA,Africa
2007,Libya,NA,Africa
2008,Libya,NA,Africa
2009,Libya,NA,Africa
2010,Libya,NA,Africa
2011,Libya,23,Africa
2012,Libya,10,Africa
2013,Libya,8,Africa
2014,Libya,10,Africa
2015,Libya,12,Africa
2016,Libya,12,Africa
2017,Libya,12,Africa
2018,Libya,12,Africa
2019,Libya,11,Africa
2020,Libya,11,Africa
2021,Libya,14,Africa
2022,Libya,11,Africa
1992,Liberia,2,Africa
1993,Liberia,4,Africa
1994,Liberia,6,Africa
1995,Liberia,5,Africa
1996,Liberia,8,Africa
1997,Liberia,3,Africa
1998,Liberia,NA,Africa
1999,Liberia,NA,Africa
2000,Liberia,NA,Africa
2001,Liberia,2,Africa
2002,Liberia,3,Africa
2003,Liberia,7,Africa
2004,Liberia,5,Africa
2005,Liberia,4,Africa
2006,Liberia,7,Africa
2007,Liberia,5,Africa
2008,Liberia,4,Africa
2009,Liberia,2,Africa
2010,Liberia,3,Africa
2011,Liberia,5,Africa
2012,Liberia,3,Africa
2013,Liberia,4,Africa
2014,Liberia,6,Africa
2015,Liberia,5,Africa
2016,Liberia,6,Africa
2017,Liberia,2,Africa
2018,Liberia,1,Africa
2019,Liberia,NA,Africa
2020,Liberia,NA,Africa
2021,Liberia,NA,Africa
2022,Liberia,NA,Africa
1992,Guinea-Bissau,NA,Africa
1993,Guinea-Bissau,NA,Africa
1994,Guinea-Bissau,NA,Africa
1995,Guinea-Bissau,NA,Africa
1996,Guinea-Bissau,NA,Africa
1997,Guinea-Bissau,NA,Africa
1998,Guinea-Bissau,2,Africa
1999,Guinea-Bissau,1,Africa
2000,Guinea-Bissau,4,Africa
2001,Guinea-Bissau,NA,Africa
2002,Guinea-Bissau,NA,Africa
2003,Guinea-Bissau,2,Africa
2004,Guinea-Bissau,3,Africa
2005,Guinea-Bissau,2,Africa
2006,Guinea-Bissau,NA,Africa
2007,Guinea-Bissau,1,Africa
2008,Guinea-Bissau,4,Africa
2009,Guinea-Bissau,7,Africa
2010,Guinea-Bissau,5,Africa
2011,Guinea-Bissau,4,Africa
2012,Guinea-Bissau,6,Africa
2013,Guinea-Bissau,6,Africa
2014,Guinea-Bissau,5,Africa
2015,Guinea-Bissau,3,Africa
2016,Guinea-Bissau,4,Africa
2017,Guinea-Bissau,4,Africa
2018,Guinea-Bissau,5,Africa
2019,Guinea-Bissau,3,Africa
2020,Guinea-Bissau,3,Africa
2021,Guinea-Bissau,NA,Africa
2022,Guinea-Bissau,NA,Africa
1992,Guinea,NA,Africa
1993,Guinea,NA,Africa
1994,Guinea,NA,Africa
1995,Guinea,NA,Africa
1996,Guinea,NA,Africa
1997,Guinea,NA,Africa
1998,Guinea,NA,Africa
1999,Guinea,NA,Africa
2000,Guinea,1,Africa
2001,Guinea,2,Africa
2002,Guinea,NA,Africa
2003,Guinea,NA,Africa
2004,Guinea,NA,Africa
2005,Guinea,NA,Africa
2006,Guinea,NA,Africa
2007,Guinea,NA,Africa
2008,Guinea,NA,Africa
2009,Guinea,NA,Africa
2010,Guinea,NA,Africa
2011,Guinea,NA,Africa
2012,Guinea,NA,Africa
2013,Guinea,NA,Africa
2014,Guinea,NA,Africa
2015,Guinea,NA,Africa
2016,Guinea,NA,Africa
2017,Guinea,NA,Africa
2018,Guinea,NA,Africa
2019,Guinea,NA,Africa
2020,Guinea,NA,Africa
2021,Guinea,NA,Africa
2022,Guinea,NA,Africa
1992,Great Lakes,NA,Africa
1993,Great Lakes,NA,Africa
1994,Great Lakes,NA,Africa
1995,Great Lakes,NA,Africa
1996,Great Lakes,3,Africa
1997,Great Lakes,6,Africa
1998,Great Lakes,NA,Africa
1999,Great Lakes,NA,Africa
2000,Great Lakes,NA,Africa
2001,Great Lakes,2,Africa
2002,Great Lakes,1,Africa
2003,Great Lakes,1,Africa
2004,Great Lakes,1,Africa
2005,Great Lakes,NA,Africa
2006,Great Lakes,3,Africa
2007,Great Lakes,4,Africa
2008,Great Lakes,2,Africa
2009,Great Lakes,2,Africa
2010,Great Lakes,NA,Africa
2011,Great Lakes,NA,Africa
2012,Great Lakes,NA,Africa
2013,Great Lakes,1,Africa
2014,Great Lakes,NA,Africa
2015,Great Lakes,NA,Africa
2016,Great Lakes,1,Africa
2017,Great Lakes,2,Africa
2018,Great Lakes,1,Africa
2019,Great Lakes,2,Africa
2020,Great Lakes,2,Africa
2021,Great Lakes,2,Africa
2022,Great Lakes,1,Africa
1992,Ethiopia/Eritrea,NA,Africa
1993,Ethiopia/Eritrea,NA,Africa
1994,Ethiopia/Eritrea,NA,Africa
1995,Ethiopia/Eritrea,NA,Africa
1996,Ethiopia/Eritrea,NA,Africa
1997,Ethiopia/Eritrea,NA,Africa
1998,Ethiopia/Eritrea,1,Africa
1999,Ethiopia/Eritrea,3,Africa
2000,Ethiopia/Eritrea,7,Africa
2001,Ethiopia/Eritrea,5,Africa
2002,Ethiopia/Eritrea,5,Africa
2003,Ethiopia/Eritrea,3,Africa
2004,Ethiopia/Eritrea,2,Africa
2005,Ethiopia/Eritrea,6,Africa
2006,Ethiopia/Eritrea,6,Africa
2007,Ethiopia/Eritrea,3,Africa
2008,Ethiopia/Eritrea,4,Africa
2009,Ethiopia/Eritrea,NA,Africa
2010,Ethiopia/Eritrea,NA,Africa
2011,Ethiopia/Eritrea,NA,Africa
2012,Ethiopia/Eritrea,NA,Africa
2013,Ethiopia/Eritrea,NA,Africa
2014,Ethiopia/Eritrea,NA,Africa
2015,Ethiopia/Eritrea,NA,Africa
2016,Ethiopia/Eritrea,NA,Africa
2017,Ethiopia/Eritrea,NA,Africa
2018,Ethiopia/Eritrea,NA,Africa
2019,Ethiopia/Eritrea,NA,Africa
2020,Ethiopia/Eritrea,NA,Africa
2021,Ethiopia/Eritrea,NA,Africa
2022,Ethiopia/Eritrea,NA,Africa
1992,Djibouti/Horn Of Africa,NA,Africa
1993,Djibouti/Horn Of Africa,NA,Africa
1994,Djibouti/Horn Of Africa,NA,Africa
1995,Djibouti/Horn Of Africa,NA,Africa
1996,Djibouti/Horn Of Africa,NA,Africa
1997,Djibouti/Horn Of Africa,NA,Africa
1998,Djibouti/Horn Of Africa,NA,Africa
1999,Djibouti/Horn Of Africa,NA,Africa
2000,Djibouti/Horn Of Africa,NA,Africa
2001,Djibouti/Horn Of Africa,NA,Africa
2002,Djibouti/Horn Of Africa,NA,Africa
2003,Djibouti/Horn Of Africa,NA,Africa
2004,Djibouti/Horn Of Africa,NA,Africa
2005,Djibouti/Horn Of Africa,NA,Africa
2006,Djibouti/Horn Of Africa,NA,Africa
2007,Djibouti/Horn Of Africa,NA,Africa
2008,Djibouti/Horn Of Africa,NA,Africa
2009,Djibouti/Horn Of Africa,NA,Africa
2010,Djibouti/Horn Of Africa,2,Africa
2011,Djibouti/Horn Of Africa,1,Africa
2012,Djibouti/Horn Of Africa,NA,Africa
2013,Djibouti/Horn Of Africa,NA,Africa
2014,Djibouti/Horn Of Africa,NA,Africa
2015,Djibouti/Horn Of Africa,NA,Africa
2016,Djibouti/Horn Of Africa,NA,Africa
2017,Djibouti/Horn Of Africa,NA,Africa
2018,Djibouti/Horn Of Africa,NA,Africa
2019,Djibouti/Horn Of Africa,NA,Africa
2020,Djibouti/Horn Of Africa,NA,Africa
2021,Djibouti/Horn Of Africa,NA,Africa
2022,Djibouti/Horn Of Africa,NA,Africa
1992,Djibouti/Eritrea,NA,Africa
1993,Djibouti/Eritrea,NA,Africa
1994,Djibouti/Eritrea,NA,Africa
1995,Djibouti/Eritrea,NA,Africa
1996,Djibouti/Eritrea,NA,Africa
1997,Djibouti/Eritrea,NA,Africa
1998,Djibouti/Eritrea,NA,Africa
1999,Djibouti/Eritrea,NA,Africa
2000,Djibouti/Eritrea,NA,Africa
2001,Djibouti/Eritrea,NA,Africa
2002,Djibouti/Eritrea,NA,Africa
2003,Djibouti/Eritrea,NA,Africa
2004,Djibouti/Eritrea,NA,Africa
2005,Djibouti/Eritrea,NA,Africa
2006,Djibouti/Eritrea,NA,Africa
2007,Djibouti/Eritrea,NA,Africa
2008,Djibouti/Eritrea,3,Africa
2009,Djibouti/Eritrea,2,Africa
2010,Djibouti/Eritrea,NA,Africa
2011,Djibouti/Eritrea,NA,Africa
2012,Djibouti/Eritrea,NA,Africa
2013,Djibouti/Eritrea,NA,Africa
2014,Djibouti/Eritrea,NA,Africa
2015,Djibouti/Eritrea,NA,Africa
2016,Djibouti/Eritrea,NA,Africa
2017,Djibouti/Eritrea,NA,Africa
2018,Djibouti/Eritrea,NA,Africa
2019,Djibouti/Eritrea,NA,Africa
2020,Djibouti/Eritrea,NA,Africa
2021,Djibouti/Eritrea,NA,Africa
2022,Djibouti/Eritrea,NA,Africa
1992,Democratic Republic Of The Congo,NA,Africa
1993,Democratic Republic Of The Congo,NA,Africa
1994,Democratic Republic Of The Congo,NA,Africa
1995,Democratic Republic Of The Congo,NA,Africa
1996,Democratic Republic Of The Congo,NA,Africa
1997,Democratic Republic Of The Congo,1,Africa
1998,Democratic Republic Of The Congo,3,Africa
1999,Democratic Republic Of The Congo,7,Africa
2000,Democratic Republic Of The Congo,12,Africa
2001,Democratic Republic Of The Congo,17,Africa
2002,Democratic Republic Of The Congo,12,Africa
2003,Democratic Republic Of The Congo,12,Africa
2004,Democratic Republic Of The Congo,9,Africa
2005,Democratic Republic Of The Congo,12,Africa
2006,Democratic Republic Of The Congo,12,Africa
2007,Democratic Republic Of The Congo,9,Africa
2008,Democratic Republic Of The Congo,9,Africa
2009,Democratic Republic Of The Congo,7,Africa
2010,Democratic Republic Of The Congo,7,Africa
2011,Democratic Republic Of The Congo,6,Africa
2012,Democratic Republic Of The Congo,7,Africa
2013,Democratic Republic Of The Congo,6,Africa
2014,Democratic Republic Of The Congo,7,Africa
2015,Democratic Republic Of The Congo,8,Africa
2016,Democratic Republic Of The Congo,7,Africa
2017,Democratic Republic Of The Congo,10,Africa
2018,Democratic Republic Of The Congo,9,Africa
2019,Democratic Republic Of The Congo,7,Africa
2020,Democratic Republic Of The Congo,5,Africa
2021,Democratic Republic Of The Congo,6,Africa
2022,Democratic Republic Of The Congo,5,Africa
1992,Côte D'ivoire,NA,Africa
1993,Côte D'ivoire,NA,Africa
1994,Côte D'ivoire,NA,Africa
1995,Côte D'ivoire,NA,Africa
1996,Côte D'ivoire,NA,Africa
1997,Côte D'ivoire,NA,Africa
1998,Côte D'ivoire,NA,Africa
1999,Côte D'ivoire,NA,Africa
2000,Côte D'ivoire,NA,Africa
2001,Côte D'ivoire,NA,Africa
2002,Côte D'ivoire,1,Africa
2003,Côte D'ivoire,8,Africa
2004,Côte D'ivoire,8,Africa
2005,Côte D'ivoire,15,Africa
2006,Côte D'ivoire,17,Africa
2007,Côte D'ivoire,9,Africa
2008,Côte D'ivoire,6,Africa
2009,Côte D'ivoire,9,Africa
2010,Côte D'ivoire,12,Africa
2011,Côte D'ivoire,10,Africa
2012,Côte D'ivoire,4,Africa
2013,Côte D'ivoire,5,Africa
2014,Côte D'ivoire,5,Africa
2015,Côte D'ivoire,5,Africa
2016,Côte D'ivoire,4,Africa
2017,Côte D'ivoire,3,Africa
2018,Côte D'ivoire,NA,Africa
2019,Côte D'ivoire,NA,Africa
2020,Côte D'ivoire,NA,Africa
2021,Côte D'ivoire,NA,Africa
2022,Côte D'ivoire,NA,Africa
1992,Chad/Sudan,NA,Africa
1993,Chad/Sudan,NA,Africa
1994,Chad/Sudan,NA,Africa
1995,Chad/Sudan,NA,Africa
1996,Chad/Sudan,NA,Africa
1997,Chad/Sudan,NA,Africa
1998,Chad/Sudan,NA,Africa
1999,Chad/Sudan,NA,Africa
2000,Chad/Sudan,NA,Africa
2001,Chad/Sudan,NA,Africa
2002,Chad/Sudan,NA,Africa
2003,Chad/Sudan,NA,Africa
2004,Chad/Sudan,NA,Africa
2005,Chad/Sudan,NA,Africa
2006,Chad/Sudan,3,Africa
2007,Chad/Sudan,1,Africa
2008,Chad/Sudan,1,Africa
2009,Chad/Sudan,NA,Africa
2010,Chad/Sudan,NA,Africa
2011,Chad/Sudan,NA,Africa
2012,Chad/Sudan,NA,Africa
2013,Chad/Sudan,NA,Africa
2014,Chad/Sudan,NA,Africa
2015,Chad/Sudan,NA,Africa
2016,Chad/Sudan,NA,Africa
2017,Chad/Sudan,NA,Africa
2018,Chad/Sudan,NA,Africa
2019,Chad/Sudan,NA,Africa
2020,Chad/Sudan,NA,Africa
2021,Chad/Sudan,NA,Africa
2022,Chad/Sudan,NA,Africa
1992,Chad/Libya,NA,Africa
1993,Chad/Libya,NA,Africa
1994,Chad/Libya,3,Africa
1995,Chad/Libya,NA,Africa
1996,Chad/Libya,NA,Africa
1997,Chad/Libya,NA,Africa
1998,Chad/Libya,NA,Africa
1999,Chad/Libya,NA,Africa
2000,Chad/Libya,NA,Africa
2001,Chad/Libya,NA,Africa
2002,Chad/Libya,NA,Africa
2003,Chad/Libya,NA,Africa
2004,Chad/Libya,NA,Africa
2005,Chad/Libya,NA,Africa
2006,Chad/Libya,NA,Africa
2007,Chad/Libya,NA,Africa
2008,Chad/Libya,NA,Africa
2009,Chad/Libya,NA,Africa
2010,Chad/Libya,NA,Africa
2011,Chad/Libya,NA,Africa
2012,Chad/Libya,NA,Africa
2013,Chad/Libya,NA,Africa
2014,Chad/Libya,NA,Africa
2015,Chad/Libya,NA,Africa
2016,Chad/Libya,NA,Africa
2017,Chad/Libya,NA,Africa
2018,Chad/Libya,NA,Africa
2019,Chad/Libya,NA,Africa
2020,Chad/Libya,NA,Africa
2021,Chad/Libya,NA,Africa
2022,Chad/Libya,NA,Africa
1992,Central African Republic/Chad,NA,Africa
1993,Central African Republic/Chad,NA,Africa
1994,Central African Republic/Chad,NA,Africa
1995,Central African Republic/Chad,NA,Africa
1996,Central African Republic/Chad,NA,Africa
1997,Central African Republic/Chad,NA,Africa
1998,Central African Republic/Chad,NA,Africa
1999,Central African Republic/Chad,NA,Africa
2000,Central African Republic/Chad,NA,Africa
2001,Central African Republic/Chad,NA,Africa
2002,Central African Republic/Chad,NA,Africa
2003,Central African Republic/Chad,NA,Africa
2004,Central African Republic/Chad,NA,Africa
2005,Central African Republic/Chad,NA,Africa
2006,Central African Republic/Chad,NA,Africa
2007,Central African Republic/Chad,2,Africa
2008,Central African Republic/Chad,6,Africa
2009,Central African Republic/Chad,6,Africa
2010,Central African Republic/Chad,7,Africa
2011,Central African Republic/Chad,NA,Africa
2012,Central African Republic/Chad,NA,Africa
2013,Central African Republic/Chad,NA,Africa
2014,Central African Republic/Chad,NA,Africa
2015,Central African Republic/Chad,NA,Africa
2016,Central African Republic/Chad,NA,Africa
2017,Central African Republic/Chad,NA,Africa
2018,Central African Republic/Chad,NA,Africa
2019,Central African Republic/Chad,NA,Africa
2020,Central African Republic/Chad,NA,Africa
2021,Central African Republic/Chad,NA,Africa
2022,Central African Republic/Chad,NA,Africa
1992,Central African Republic,NA,Africa
1993,Central African Republic,NA,Africa
1994,Central African Republic,NA,Africa
1995,Central African Republic,NA,Africa
1996,Central African Republic,NA,Africa
1997,Central African Republic,2,Africa
1998,Central African Republic,5,Africa
1999,Central African Republic,3,Africa
2000,Central African Republic,1,Africa
2001,Central African Republic,5,Africa
2002,Central African Republic,1,Africa
2003,Central African Republic,NA,Africa
2004,Central African Republic,1,Africa
2005,Central African Republic,1,Africa
2006,Central African Republic,1,Africa
2007,Central African Republic,NA,Africa
2008,Central African Republic,1,Africa
2009,Central African Republic,5,Africa
2010,Central African Republic,3,Africa
2011,Central African Republic,3,Africa
2012,Central African Republic,1,Africa
2013,Central African Republic,7,Africa
2014,Central African Republic,12,Africa
2015,Central African Republic,7,Africa
2016,Central African Republic,8,Africa
2017,Central African Republic,8,Africa
2018,Central African Republic,7,Africa
2019,Central African Republic,7,Africa
2020,Central African Republic,6,Africa
2021,Central African Republic,7,Africa
2022,Central African Republic,3,Africa
1992,Central African Region,NA,Africa
1993,Central African Region,NA,Africa
1994,Central African Region,NA,Africa
1995,Central African Region,NA,Africa
1996,Central African Region,NA,Africa
1997,Central African Region,NA,Africa
1998,Central African Region,NA,Africa
1999,Central African Region,NA,Africa
2000,Central African Region,NA,Africa
2001,Central African Region,NA,Africa
2002,Central African Region,2,Africa
2003,Central African Region,1,Africa
2004,Central African Region,NA,Africa
2005,Central African Region,NA,Africa
2006,Central African Region,NA,Africa
2007,Central African Region,NA,Africa
2008,Central African Region,NA,Africa
2009,Central African Region,NA,Africa
2010,Central African Region,1,Africa
2011,Central African Region,2,Africa
2012,Central African Region,3,Africa
2013,Central African Region,3,Africa
2014,Central African Region,2,Africa
2015,Central African Region,2,Africa
2016,Central African Region,2,Africa
2017,Central African Region,2,Africa
2018,Central African Region,3,Africa
2019,Central African Region,3,Africa
2020,Central African Region,2,Africa
2021,Central African Region,2,Africa
2022,Central African Region,1,Africa
1992,Burundi,NA,Africa
1993,Burundi,2,Africa
1994,Burundi,4,Africa
1995,Burundi,4,Africa
1996,Burundi,9,Africa
1997,Burundi,1,Africa
1998,Burundi,NA,Africa
1999,Burundi,2,Africa
2000,Burundi,2,Africa
2001,Burundi,7,Africa
2002,Burundi,4,Africa
2003,Burundi,3,Africa
2004,Burundi,3,Africa
2005,Burundi,9,Africa
2006,Burundi,3,Africa
2007,Burundi,4,Africa
2008,Burundi,5,Africa
2009,Burundi,3,Africa
2010,Burundi,3,Africa
2011,Burundi,3,Africa
2012,Burundi,1,Africa
2013,Burundi,3,Africa
2014,Burundi,5,Africa
2015,Burundi,7,Africa
2016,Burundi,3,Africa
2017,Burundi,5,Africa
2018,Burundi,5,Africa
2019,Burundi,3,Africa
2020,Burundi,NA,Africa
2021,Burundi,NA,Africa
2022,Burundi,NA,Africa
1992,Angola,8,Africa
1993,Angola,9,Africa
1994,Angola,11,Africa
1995,Angola,8,Africa
1996,Angola,8,Africa
1997,Angola,11,Africa
1998,Angola,13,Africa
1999,Angola,8,Africa
2000,Angola,5,Africa
2001,Angola,8,Africa
2002,Angola,11,Africa
2003,Angola,NA,Africa
2004,Angola,NA,Africa
2005,Angola,NA,Africa
2006,Angola,NA,Africa
2007,Angola,NA,Africa
2008,Angola,NA,Africa
2009,Angola,NA,Africa
2010,Angola,NA,Africa
2011,Angola,NA,Africa
2012,Angola,NA,Africa
2013,Angola,NA,Africa
2014,Angola,NA,Africa
2015,Angola,NA,Africa
2016,Angola,NA,Africa
2017,Angola,NA,Africa
2018,Angola,NA,Africa
2019,Angola,NA,Africa
2020,Angola,NA,Africa
2021,Angola,NA,Africa
2022,Angola,NA,Africa
1992,African Union,NA,Africa
1993,African Union,NA,Africa
1994,African Union,NA,Africa
1995,African Union,NA,Africa
1996,African Union,NA,Africa
1997,African Union,NA,Africa
1998,African Union,NA,Africa
1999,African Union,NA,Africa
2000,African Union,NA,Africa
2001,African Union,NA,Africa
2002,African Union,NA,Africa
2003,African Union,NA,Africa
2004,African Union,1,Africa
2005,African Union,NA,Africa
2006,African Union,1,Africa
2007,African Union,NA,Africa
2008,African Union,NA,Africa
2009,African Union,NA,Africa
2010,African Union,NA,Africa
2011,African Union,NA,Africa
2012,African Union,NA,Africa
2013,African Union,NA,Africa
2014,African Union,NA,Africa
2015,African Union,NA,Africa
2016,African Union,NA,Africa
2017,African Union,NA,Africa
2018,African Union,NA,Africa
2019,African Union,NA,Africa
2020,African Union,NA,Africa
2021,African Union,NA,Africa
2022,African Union,NA,Africa
1992,Africa,NA,Africa
1993,Africa,NA,Africa
1994,Africa,NA,Africa
1995,Africa,NA,Africa
1996,Africa,NA,Africa
1997,Africa,1,Africa
1998,Africa,8,Africa
1999,Africa,3,Africa
2000,Africa,2,Africa
2001,Africa,NA,Africa
2002,Africa,4,Africa
2003,Africa,NA,Africa
2004,Africa,1,Africa
2005,Africa,2,Africa
2006,Africa,2,Africa
2007,Africa,2,Africa
2008,Africa,2,Africa
2009,Africa,4,Africa
2010,Africa,1,Africa
2011,Africa,3,Africa
2012,Africa,4,Africa
2013,Africa,7,Africa
2014,Africa,6,Africa
2015,Africa,3,Africa
2016,Africa,2,Africa
2017,Africa,9,Africa
2018,Africa,8,Africa
2019,Africa,9,Africa
2020,Africa,3,Africa
2021,Africa,9,Africa
2022,Africa,1,Africa
1992,Venezuela,NA,Americas
1993,Venezuela,NA,Americas
1994,Venezuela,NA,Americas
1995,Venezuela,NA,Americas
1996,Venezuela,NA,Americas
1997,Venezuela,NA,Americas
1998,Venezuela,NA,Americas
1999,Venezuela,NA,Americas
2000,Venezuela,NA,Americas
2001,Venezuela,NA,Americas
2002,Venezuela,NA,Americas
2003,Venezuela,NA,Americas
2004,Venezuela,NA,Americas
2005,Venezuela,NA,Americas
2006,Venezuela,NA,Americas
2007,Venezuela,NA,Americas
2008,Venezuela,NA,Americas
2009,Venezuela,NA,Americas
2010,Venezuela,NA,Americas
2011,Venezuela,NA,Americas
2012,Venezuela,NA,Americas
2013,Venezuela,NA,Americas
2014,Venezuela,NA,Americas
2015,Venezuela,NA,Americas
2016,Venezuela,NA,Americas
2017,Venezuela,NA,Americas
2018,Venezuela,NA,Americas
2019,Venezuela,4,Americas
2020,Venezuela,1,Americas
2021,Venezuela,NA,Americas
2022,Venezuela,NA,Americas
1992,Honduras,NA,Americas
1993,Honduras,NA,Americas
1994,Honduras,NA,Americas
1995,Honduras,NA,Americas
1996,Honduras,NA,Americas
1997,Honduras,NA,Americas
1998,Honduras,NA,Americas
1999,Honduras,NA,Americas
2000,Honduras,NA,Americas
2001,Honduras,NA,Americas
2002,Honduras,NA,Americas
2003,Honduras,NA,Americas
2004,Honduras,NA,Americas
2005,Honduras,NA,Americas
2006,Honduras,NA,Americas
2007,Honduras,NA,Americas
2008,Honduras,NA,Americas
2009,Honduras,1,Americas
2010,Honduras,NA,Americas
2011,Honduras,NA,Americas
2012,Honduras,NA,Americas
2013,Honduras,NA,Americas
2014,Honduras,NA,Americas
2015,Honduras,NA,Americas
2016,Honduras,NA,Americas
2017,Honduras,NA,Americas
2018,Honduras,NA,Americas
2019,Honduras,NA,Americas
2020,Honduras,NA,Americas
2021,Honduras,NA,Americas
2022,Honduras,NA,Americas
1992,Haiti,NA,Americas
1993,Haiti,11,Americas
1994,Haiti,10,Americas
1995,Haiti,4,Americas
1996,Haiti,4,Americas
1997,Haiti,2,Americas
1998,Haiti,2,Americas
1999,Haiti,1,Americas
2000,Haiti,1,Americas
2001,Haiti,NA,Americas
2002,Haiti,NA,Americas
2003,Haiti,NA,Americas
2004,Haiti,5,Americas
2005,Haiti,6,Americas
2006,Haiti,7,Americas
2007,Haiti,2,Americas
2008,Haiti,3,Americas
2009,Haiti,3,Americas
2010,Haiti,6,Americas
2011,Haiti,4,Americas
2012,Haiti,3,Americas
2013,Haiti,3,Americas
2014,Haiti,3,Americas
2015,Haiti,3,Americas
2016,Haiti,3,Americas
2017,Haiti,5,Americas
2018,Haiti,4,Americas
2019,Haiti,4,Americas
2020,Haiti,4,Americas
2021,Haiti,4,Americas
2022,Haiti,3,Americas
1992,Guatemala,NA,Americas
1993,Guatemala,NA,Americas
1994,Guatemala,NA,Americas
1995,Guatemala,NA,Americas
1996,Guatemala,NA,Americas
1997,Guatemala,4,Americas
1998,Guatemala,NA,Americas
1999,Guatemala,NA,Americas
2000,Guatemala,NA,Americas
2001,Guatemala,NA,Americas
2002,Guatemala,NA,Americas
2003,Guatemala,NA,Americas
2004,Guatemala,NA,Americas
2005,Guatemala,NA,Americas
2006,Guatemala,NA,Americas
2007,Guatemala,NA,Americas
2008,Guatemala,NA,Americas
2009,Guatemala,NA,Americas
2010,Guatemala,NA,Americas
2011,Guatemala,NA,Americas
2012,Guatemala,NA,Americas
2013,Guatemala,NA,Americas
2014,Guatemala,NA,Americas
2015,Guatemala,NA,Americas
2016,Guatemala,NA,Americas
2017,Guatemala,NA,Americas
2018,Guatemala,NA,Americas
2019,Guatemala,NA,Americas
2020,Guatemala,NA,Americas
2021,Guatemala,NA,Americas
2022,Guatemala,NA,Americas
1992,El Salvador,3,Americas
1993,El Salvador,6,Americas
1994,El Salvador,4,Americas
1995,El Salvador,1,Americas
1996,El Salvador,NA,Americas
1997,El Salvador,NA,Americas
1998,El Salvador,NA,Americas
1999,El Salvador,NA,Americas
2000,El Salvador,NA,Americas
2001,El Salvador,NA,Americas
2002,El Salvador,NA,Americas
2003,El Salvador,NA,Americas
2004,El Salvador,NA,Americas
2005,El Salvador,NA,Americas
2006,El Salvador,NA,Americas
2007,El Salvador,NA,Americas
2008,El Salvador,NA,Americas
2009,El Salvador,NA,Americas
2010,El Salvador,NA,Americas
2011,El Salvador,NA,Americas
2012,El Salvador,NA,Americas
2013,El Salvador,NA,Americas
2014,El Salvador,NA,Americas
2015,El Salvador,NA,Americas
2016,El Salvador,NA,Americas
2017,El Salvador,NA,Americas
2018,El Salvador,NA,Americas
2019,El Salvador,NA,Americas
2020,El Salvador,NA,Americas
2021,El Salvador,NA,Americas
2022,El Salvador,NA,Americas
1992,Cuba,1,Americas
1993,Cuba,NA,Americas
1994,Cuba,NA,Americas
1995,Cuba,NA,Americas
1996,Cuba,3,Americas
1997,Cuba,NA,Americas
1998,Cuba,NA,Americas
1999,Cuba,NA,Americas
2000,Cuba,NA,Americas
2001,Cuba,NA,Americas
2002,Cuba,NA,Americas
2003,Cuba,NA,Americas
2004,Cuba,NA,Americas
2005,Cuba,NA,Americas
2006,Cuba,NA,Americas
2007,Cuba,NA,Americas
2008,Cuba,NA,Americas
2009,Cuba,NA,Americas
2010,Cuba,NA,Americas
2011,Cuba,NA,Americas
2012,Cuba,NA,Americas
2013,Cuba,NA,Americas
2014,Cuba,NA,Americas
2015,Cuba,NA,Americas
2016,Cuba,NA,Americas
2017,Cuba,NA,Americas
2018,Cuba,NA,Americas
2019,Cuba,NA,Americas
2020,Cuba,NA,Americas
2021,Cuba,NA,Americas
2022,Cuba,NA,Americas
1992,Colombia,NA,Americas
1993,Colombia,NA,Americas
1994,Colombia,NA,Americas
1995,Colombia,NA,Americas
1996,Colombia,NA,Americas
1997,Colombia,NA,Americas
1998,Colombia,NA,Americas
1999,Colombia,NA,Americas
2000,Colombia,NA,Americas
2001,Colombia,NA,Americas
2002,Colombia,NA,Americas
2003,Colombia,NA,Americas
2004,Colombia,NA,Americas
2005,Colombia,NA,Americas
2006,Colombia,NA,Americas
2007,Colombia,NA,Americas
2008,Colombia,NA,Americas
2009,Colombia,NA,Americas
2010,Colombia,NA,Americas
2011,Colombia,NA,Americas
2012,Colombia,NA,Americas
2013,Colombia,NA,Americas
2014,Colombia,NA,Americas
2015,Colombia,NA,Americas
2016,Colombia,3,Americas
2017,Colombia,8,Americas
2018,Colombia,5,Americas
2019,Colombia,5,Americas
2020,Colombia,5,Americas
2021,Colombia,6,Americas
2022,Colombia,3,Americas
1992,Central America,1,Americas
1993,Central America,NA,Americas
1994,Central America,NA,Americas
1995,Central America,NA,Americas
1996,Central America,NA,Americas
1997,Central America,NA,Americas
1998,Central America,NA,Americas
1999,Central America,NA,Americas
2000,Central America,NA,Americas
2001,Central America,NA,Americas
2002,Central America,NA,Americas
2003,Central America,NA,Americas
2004,Central America,NA,Americas
2005,Central America,NA,Americas
2006,Central America,NA,Americas
2007,Central America,NA,Americas
2008,Central America,NA,Americas
2009,Central America,NA,Americas
2010,Central America,NA,Americas
2011,Central America,NA,Americas
2012,Central America,NA,Americas
2013,Central America,NA,Americas
2014,Central America,NA,Americas
2015,Central America,NA,Americas
2016,Central America,NA,Americas
2017,Central America,NA,Americas
2018,Central America,NA,Americas
2019,Central America,NA,Americas
2020,Central America,NA,Americas
2021,Central America,NA,Americas
2022,Central America,NA,Americas
1992,Timor-Leste,NA,Asia
1993,Timor-Leste,NA,Asia
1994,Timor-Leste,NA,Asia
1995,Timor-Leste,NA,Asia
1996,Timor-Leste,NA,Asia
1997,Timor-Leste,NA,Asia
1998,Timor-Leste,NA,Asia
1999,Timor-Leste,11,Asia
2000,Timor-Leste,12,Asia
2001,Timor-Leste,9,Asia
2002,Timor-Leste,6,Asia
2003,Timor-Leste,5,Asia
2004,Timor-Leste,6,Asia
2005,Timor-Leste,4,Asia
2006,Timor-Leste,9,Asia
2007,Timor-Leste,5,Asia
2008,Timor-Leste,5,Asia
2009,Timor-Leste,3,Asia
2010,Timor-Leste,3,Asia
2011,Timor-Leste,3,Asia
2012,Timor-Leste,4,Asia
2013,Timor-Leste,NA,Asia
2014,Timor-Leste,NA,Asia
2015,Timor-Leste,NA,Asia
2016,Timor-Leste,NA,Asia
2017,Timor-Leste,NA,Asia
2018,Timor-Leste,NA,Asia
2019,Timor-Leste,NA,Asia
2020,Timor-Leste,NA,Asia
2021,Timor-Leste,NA,Asia
2022,Timor-Leste,NA,Asia
1992,Tajikistan,1,Asia
1993,Tajikistan,1,Asia
1994,Tajikistan,3,Asia
1995,Tajikistan,6,Asia
1996,Tajikistan,5,Asia
1997,Tajikistan,5,Asia
1998,Tajikistan,3,Asia
1999,Tajikistan,4,Asia
2000,Tajikistan,4,Asia
2001,Tajikistan,NA,Asia
2002,Tajikistan,NA,Asia
2003,Tajikistan,NA,Asia
2004,Tajikistan,NA,Asia
2005,Tajikistan,NA,Asia
2006,Tajikistan,NA,Asia
2007,Tajikistan,NA,Asia
2008,Tajikistan,NA,Asia
2009,Tajikistan,NA,Asia
2010,Tajikistan,NA,Asia
2011,Tajikistan,NA,Asia
2012,Tajikistan,NA,Asia
2013,Tajikistan,NA,Asia
2014,Tajikistan,NA,Asia
2015,Tajikistan,NA,Asia
2016,Tajikistan,NA,Asia
2017,Tajikistan,NA,Asia
2018,Tajikistan,NA,Asia
2019,Tajikistan,NA,Asia
2020,Tajikistan,NA,Asia
2021,Tajikistan,NA,Asia
2022,Tajikistan,NA,Asia
1992,Solomon Islands,NA,Asia
1993,Solomon Islands,NA,Asia
1994,Solomon Islands,NA,Asia
1995,Solomon Islands,NA,Asia
1996,Solomon Islands,NA,Asia
1997,Solomon Islands,NA,Asia
1998,Solomon Islands,NA,Asia
1999,Solomon Islands,NA,Asia
2000,Solomon Islands,1,Asia
2001,Solomon Islands,NA,Asia
2002,Solomon Islands,NA,Asia
2003,Solomon Islands,NA,Asia
2004,Solomon Islands,NA,Asia
2005,Solomon Islands,NA,Asia
2006,Solomon Islands,NA,Asia
2007,Solomon Islands,NA,Asia
2008,Solomon Islands,NA,Asia
2009,Solomon Islands,NA,Asia
2010,Solomon Islands,NA,Asia
2011,Solomon Islands,NA,Asia
2012,Solomon Islands,NA,Asia
2013,Solomon Islands,NA,Asia
2014,Solomon Islands,NA,Asia
2015,Solomon Islands,NA,Asia
2016,Solomon Islands,NA,Asia
2017,Solomon Islands,NA,Asia
2018,Solomon Islands,NA,Asia
2019,Solomon Islands,NA,Asia
2020,Solomon Islands,NA,Asia
2021,Solomon Islands,NA,Asia
2022,Solomon Islands,NA,Asia
1992,Papua New Guinea,NA,Asia
1993,Papua New Guinea,NA,Asia
1994,Papua New Guinea,NA,Asia
1995,Papua New Guinea,NA,Asia
1996,Papua New Guinea,NA,Asia
1997,Papua New Guinea,NA,Asia
1998,Papua New Guinea,1,Asia
1999,Papua New Guinea,NA,Asia
2000,Papua New Guinea,NA,Asia
2001,Papua New Guinea,NA,Asia
2002,Papua New Guinea,1,Asia
2003,Papua New Guinea,3,Asia
2004,Papua New Guinea,1,Asia
2005,Papua New Guinea,2,Asia
2006,Papua New Guinea,NA,Asia
2007,Papua New Guinea,NA,Asia
2008,Papua New Guinea,NA,Asia
2009,Papua New Guinea,NA,Asia
2010,Papua New Guinea,NA,Asia
2011,Papua New Guinea,NA,Asia
2012,Papua New Guinea,NA,Asia
2013,Papua New Guinea,NA,Asia
2014,Papua New Guinea,NA,Asia
2015,Papua New Guinea,NA,Asia
2016,Papua New Guinea,NA,Asia
2017,Papua New Guinea,NA,Asia
2018,Papua New Guinea,NA,Asia
2019,Papua New Guinea,NA,Asia
2020,Papua New Guinea,NA,Asia
2021,Papua New Guinea,NA,Asia
2022,Papua New Guinea,NA,Asia
1992,Nepal,NA,Asia
1993,Nepal,NA,Asia
1994,Nepal,NA,Asia
1995,Nepal,NA,Asia
1996,Nepal,NA,Asia
1997,Nepal,NA,Asia
1998,Nepal,NA,Asia
1999,Nepal,NA,Asia
2000,Nepal,NA,Asia
2001,Nepal,NA,Asia
2002,Nepal,NA,Asia
2003,Nepal,NA,Asia
2004,Nepal,NA,Asia
2005,Nepal,NA,Asia
2006,Nepal,1,Asia
2007,Nepal,1,Asia
2008,Nepal,4,Asia
2009,Nepal,5,Asia
2010,Nepal,7,Asia
2011,Nepal,2,Asia
2012,Nepal,NA,Asia
2013,Nepal,NA,Asia
2014,Nepal,NA,Asia
2015,Nepal,NA,Asia
2016,Nepal,NA,Asia
2017,Nepal,NA,Asia
2018,Nepal,NA,Asia
2019,Nepal,NA,Asia
2020,Nepal,NA,Asia
2021,Nepal,NA,Asia
2022,Nepal,NA,Asia
1992,Myanmar,NA,Asia
1993,Myanmar,NA,Asia
1994,Myanmar,NA,Asia
1995,Myanmar,NA,Asia
1996,Myanmar,NA,Asia
1997,Myanmar,NA,Asia
1998,Myanmar,NA,Asia
1999,Myanmar,NA,Asia
2000,Myanmar,NA,Asia
2001,Myanmar,NA,Asia
2002,Myanmar,NA,Asia
2003,Myanmar,NA,Asia
2004,Myanmar,NA,Asia
2005,Myanmar,NA,Asia
2006,Myanmar,1,Asia
2007,Myanmar,4,Asia
2008,Myanmar,2,Asia
2009,Myanmar,1,Asia
2010,Myanmar,NA,Asia
2011,Myanmar,NA,Asia
2012,Myanmar,NA,Asia
2013,Myanmar,NA,Asia
2014,Myanmar,NA,Asia
2015,Myanmar,NA,Asia
2016,Myanmar,NA,Asia
2017,Myanmar,3,Asia
2018,Myanmar,3,Asia
2019,Myanmar,1,Asia
2020,Myanmar,NA,Asia
2021,Myanmar,NA,Asia
2022,Myanmar,NA,Asia
1992,Democratic People's Republic Of Korea,NA,Asia
1993,Democratic People's Republic Of Korea,1,Asia
1994,Democratic People's Republic Of Korea,3,Asia
1995,Democratic People's Republic Of Korea,NA,Asia
1996,Democratic People's Republic Of Korea,1,Asia
1997,Democratic People's Republic Of Korea,NA,Asia
1998,Democratic People's Republic Of Korea,NA,Asia
1999,Democratic People's Republic Of Korea,NA,Asia
2000,Democratic People's Republic Of Korea,NA,Asia
2001,Democratic People's Republic Of Korea,NA,Asia
2002,Democratic People's Republic Of Korea,NA,Asia
2003,Democratic People's Republic Of Korea,NA,Asia
2004,Democratic People's Republic Of Korea,NA,Asia
2005,Democratic People's Republic Of Korea,NA,Asia
2006,Democratic People's Republic Of Korea,2,Asia
2007,Democratic People's Republic Of Korea,NA,Asia
2008,Democratic People's Republic Of Korea,NA,Asia
2009,Democratic People's Republic Of Korea,NA,Asia
2010,Democratic People's Republic Of Korea,1,Asia
2011,Democratic People's Republic Of Korea,NA,Asia
2012,Democratic People's Republic Of Korea,NA,Asia
2013,Democratic People's Republic Of Korea,NA,Asia
2014,Democratic People's Republic Of Korea,1,Asia
2015,Democratic People's Republic Of Korea,1,Asia
2016,Democratic People's Republic Of Korea,1,Asia
2017,Democratic People's Republic Of Korea,1,Asia
2018,Democratic People's Republic Of Korea,NA,Asia
2019,Democratic People's Republic Of Korea,NA,Asia
2020,Democratic People's Republic Of Korea,NA,Asia
2021,Democratic People's Republic Of Korea,NA,Asia
2022,Democratic People's Republic Of Korea,NA,Asia
1992,Cambodia,7,Asia
1993,Cambodia,10,Asia
1994,Cambodia,NA,Asia
1995,Cambodia,NA,Asia
1996,Cambodia,NA,Asia
1997,Cambodia,1,Asia
1998,Cambodia,NA,Asia
1999,Cambodia,NA,Asia
2000,Cambodia,NA,Asia
2001,Cambodia,NA,Asia
2002,Cambodia,NA,Asia
2003,Cambodia,NA,Asia
2004,Cambodia,NA,Asia
2005,Cambodia,NA,Asia
2006,Cambodia,NA,Asia
2007,Cambodia,NA,Asia
2008,Cambodia,NA,Asia
2009,Cambodia,NA,Asia
2010,Cambodia,NA,Asia
2011,Cambodia,NA,Asia
2012,Cambodia,NA,Asia
2013,Cambodia,NA,Asia
2014,Cambodia,NA,Asia
2015,Cambodia,NA,Asia
2016,Cambodia,NA,Asia
2017,Cambodia,NA,Asia
2018,Cambodia,NA,Asia
2019,Cambodia,NA,Asia
2020,Cambodia,NA,Asia
2021,Cambodia,NA,Asia
2022,Cambodia,NA,Asia
1992,Afghanistan,NA,Asia
1993,Afghanistan,NA,Asia
1994,Afghanistan,4,Asia
1995,Afghanistan,NA,Asia
1996,Afghanistan,6,Asia
1997,Afghanistan,4,Asia
1998,Afghanistan,6,Asia
1999,Afghanistan,3,Asia
2000,Afghanistan,3,Asia
2001,Afghanistan,6,Asia
2002,Afghanistan,18,Asia
2003,Afghanistan,8,Asia
2004,Afghanistan,12,Asia
2005,Afghanistan,7,Asia
2006,Afghanistan,6,Asia
2007,Afghanistan,5,Asia
2008,Afghanistan,7,Asia
2009,Afghanistan,7,Asia
2010,Afghanistan,7,Asia
2011,Afghanistan,6,Asia
2012,Afghanistan,6,Asia
2013,Afghanistan,5,Asia
2014,Afghanistan,5,Asia
2015,Afghanistan,4,Asia
2016,Afghanistan,4,Asia
2017,Afghanistan,5,Asia
2018,Afghanistan,5,Asia
2019,Afghanistan,7,Asia
2020,Afghanistan,6,Asia
2021,Afghanistan,8,Asia
2022,Afghanistan,4,Asia
1992,United Kingdom,NA,Europe
1993,United Kingdom,NA,Europe
1994,United Kingdom,NA,Europe
1995,United Kingdom,NA,Europe
1996,United Kingdom,NA,Europe
1997,United Kingdom,NA,Europe
1998,United Kingdom,NA,Europe
1999,United Kingdom,NA,Europe
2000,United Kingdom,NA,Europe
2001,United Kingdom,NA,Europe
2002,United Kingdom,NA,Europe
2003,United Kingdom,NA,Europe
2004,United Kingdom,NA,Europe
2005,United Kingdom,NA,Europe
2006,United Kingdom,NA,Europe
2007,United Kingdom,NA,Europe
2008,United Kingdom,NA,Europe
2009,United Kingdom,NA,Europe
2010,United Kingdom,NA,Europe
2011,United Kingdom,NA,Europe
2012,United Kingdom,NA,Europe
2013,United Kingdom,NA,Europe
2014,United Kingdom,NA,Europe
2015,United Kingdom,NA,Europe
2016,United Kingdom,NA,Europe
2017,United Kingdom,NA,Europe
2018,United Kingdom,4,Europe
2019,United Kingdom,NA,Europe
2020,United Kingdom,NA,Europe
2021,United Kingdom,NA,Europe
2022,United Kingdom,NA,Europe
1992,Ukraine,NA,Europe
1993,Ukraine,NA,Europe
1994,Ukraine,NA,Europe
1995,Ukraine,NA,Europe
1996,Ukraine,NA,Europe
1997,Ukraine,NA,Europe
1998,Ukraine,NA,Europe
1999,Ukraine,NA,Europe
2000,Ukraine,NA,Europe
2001,Ukraine,NA,Europe
2002,Ukraine,NA,Europe
2003,Ukraine,NA,Europe
2004,Ukraine,NA,Europe
2005,Ukraine,NA,Europe
2006,Ukraine,NA,Europe
2007,Ukraine,NA,Europe
2008,Ukraine,NA,Europe
2009,Ukraine,NA,Europe
2010,Ukraine,NA,Europe
2011,Ukraine,NA,Europe
2012,Ukraine,NA,Europe
2013,Ukraine,NA,Europe
2014,Ukraine,19,Europe
2015,Ukraine,8,Europe
2016,Ukraine,1,Europe
2017,Ukraine,1,Europe
2018,Ukraine,4,Europe
2019,Ukraine,4,Europe
2020,Ukraine,1,Europe
2021,Ukraine,1,Europe
2022,Ukraine,26,Europe
1992,Russian Federation/Ukraine,1,Europe
1993,Russian Federation/Ukraine,NA,Europe
1994,Russian Federation/Ukraine,NA,Europe
1995,Russian Federation/Ukraine,NA,Europe
1996,Russian Federation/Ukraine,NA,Europe
1997,Russian Federation/Ukraine,NA,Europe
1998,Russian Federation/Ukraine,NA,Europe
1999,Russian Federation/Ukraine,NA,Europe
2000,Russian Federation/Ukraine,NA,Europe
2001,Russian Federation/Ukraine,NA,Europe
2002,Russian Federation/Ukraine,NA,Europe
2003,Russian Federation/Ukraine,NA,Europe
2004,Russian Federation/Ukraine,NA,Europe
2005,Russian Federation/Ukraine,NA,Europe
2006,Russian Federation/Ukraine,NA,Europe
2007,Russian Federation/Ukraine,NA,Europe
2008,Russian Federation/Ukraine,NA,Europe
2009,Russian Federation/Ukraine,NA,Europe
2010,Russian Federation/Ukraine,NA,Europe
2011,Russian Federation/Ukraine,NA,Europe
2012,Russian Federation/Ukraine,NA,Europe
2013,Russian Federation/Ukraine,NA,Europe
2014,Russian Federation/Ukraine,NA,Europe
2015,Russian Federation/Ukraine,NA,Europe
2016,Russian Federation/Ukraine,NA,Europe
2017,Russian Federation/Ukraine,NA,Europe
2018,Russian Federation/Ukraine,NA,Europe
2019,Russian Federation/Ukraine,NA,Europe
2020,Russian Federation/Ukraine,NA,Europe
2021,Russian Federation/Ukraine,NA,Europe
2022,Russian Federation/Ukraine,NA,Europe
1992,Osce,NA,Europe
1993,Osce,NA,Europe
1994,Osce,NA,Europe
1995,Osce,NA,Europe
1996,Osce,NA,Europe
1997,Osce,NA,Europe
1998,Osce,NA,Europe
1999,Osce,NA,Europe
2000,Osce,NA,Europe
2001,Osce,NA,Europe
2002,Osce,NA,Europe
2003,Osce,NA,Europe
2004,Osce,1,Europe
2005,Osce,1,Europe
2006,Osce,1,Europe
2007,Osce,1,Europe
2008,Osce,1,Europe
2009,Osce,1,Europe
2010,Osce,1,Europe
2011,Osce,1,Europe
2012,Osce,1,Europe
2013,Osce,1,Europe
2014,Osce,1,Europe
2015,Osce,1,Europe
2016,Osce,1,Europe
2017,Osce,1,Europe
2018,Osce,1,Europe
2019,Osce,1,Europe
2020,Osce,1,Europe
2021,Osce,1,Europe
2022,Osce,NA,Europe
1992,Nagorny Karabakh,2,Europe
1993,Nagorny Karabakh,6,Europe
1994,Nagorny Karabakh,NA,Europe
1995,Nagorny Karabakh,1,Europe
1996,Nagorny Karabakh,NA,Europe
1997,Nagorny Karabakh,NA,Europe
1998,Nagorny Karabakh,NA,Europe
1999,Nagorny Karabakh,NA,Europe
2000,Nagorny Karabakh,NA,Europe
2001,Nagorny Karabakh,NA,Europe
2002,Nagorny Karabakh,NA,Europe
2003,Nagorny Karabakh,NA,Europe
2004,Nagorny Karabakh,NA,Europe
2005,Nagorny Karabakh,NA,Europe
2006,Nagorny Karabakh,NA,Europe
2007,Nagorny Karabakh,NA,Europe
2008,Nagorny Karabakh,NA,Europe
2009,Nagorny Karabakh,NA,Europe
2010,Nagorny Karabakh,NA,Europe
2011,Nagorny Karabakh,NA,Europe
2012,Nagorny Karabakh,NA,Europe
2013,Nagorny Karabakh,NA,Europe
2014,Nagorny Karabakh,NA,Europe
2015,Nagorny Karabakh,NA,Europe
2016,Nagorny Karabakh,NA,Europe
2017,Nagorny Karabakh,NA,Europe
2018,Nagorny Karabakh,NA,Europe
2019,Nagorny Karabakh,NA,Europe
2020,Nagorny Karabakh,NA,Europe
2021,Nagorny Karabakh,NA,Europe
2022,Nagorny Karabakh,NA,Europe
1992,Kosovo,NA,Europe
1993,Kosovo,NA,Europe
1994,Kosovo,NA,Europe
1995,Kosovo,NA,Europe
1996,Kosovo,NA,Europe
1997,Kosovo,NA,Europe
1998,Kosovo,4,Europe
1999,Kosovo,8,Europe
2000,Kosovo,11,Europe
2001,Kosovo,14,Europe
2002,Kosovo,13,Europe
2003,Kosovo,10,Europe
2004,Kosovo,7,Europe
2005,Kosovo,4,Europe
2006,Kosovo,4,Europe
2007,Kosovo,NA,Europe
2008,Kosovo,6,Europe
2009,Kosovo,3,Europe
2010,Kosovo,5,Europe
2011,Kosovo,5,Europe
2012,Kosovo,4,Europe
2013,Kosovo,4,Europe
2014,Kosovo,4,Europe
2015,Kosovo,4,Europe
2016,Kosovo,4,Europe
2017,Kosovo,4,Europe
2018,Kosovo,4,Europe
2019,Kosovo,3,Europe
2020,Kosovo,2,Europe
2021,Kosovo,2,Europe
2022,Kosovo,1,Europe
1992,Georgia,1,Europe
1993,Georgia,10,Europe
1994,Georgia,8,Europe
1995,Georgia,4,Europe
1996,Georgia,4,Europe
1997,Georgia,4,Europe
1998,Georgia,4,Europe
1999,Georgia,4,Europe
2000,Georgia,4,Europe
2001,Georgia,4,Europe
2002,Georgia,2,Europe
2003,Georgia,2,Europe
2004,Georgia,4,Europe
2005,Georgia,2,Europe
2006,Georgia,3,Europe
2007,Georgia,2,Europe
2008,Georgia,7,Europe
2009,Georgia,2,Europe
2010,Georgia,NA,Europe
2011,Georgia,NA,Europe
2012,Georgia,NA,Europe
2013,Georgia,NA,Europe
2014,Georgia,NA,Europe
2015,Georgia,NA,Europe
2016,Georgia,NA,Europe
2017,Georgia,NA,Europe
2018,Georgia,NA,Europe
2019,Georgia,NA,Europe
2020,Georgia,NA,Europe
2021,Georgia,NA,Europe
2022,Georgia,NA,Europe
1992,Former Yugoslavia,8,Europe
1993,Former Yugoslavia,11,Europe
1994,Former Yugoslavia,7,Europe
1995,Former Yugoslavia,4,Europe
1996,Former Yugoslavia,1,Europe
1997,Former Yugoslavia,2,Europe
1998,Former Yugoslavia,3,Europe
1999,Former Yugoslavia,NA,Europe
2000,Former Yugoslavia,1,Europe
2001,Former Yugoslavia,3,Europe
2002,Former Yugoslavia,1,Europe
2003,Former Yugoslavia,1,Europe
2004,Former Yugoslavia,NA,Europe
2005,Former Yugoslavia,NA,Europe
2006,Former Yugoslavia,NA,Europe
2007,Former Yugoslavia,NA,Europe
2008,Former Yugoslavia,NA,Europe
2009,Former Yugoslavia,NA,Europe
2010,Former Yugoslavia,NA,Europe
2011,Former Yugoslavia,NA,Europe
2012,Former Yugoslavia,NA,Europe
2013,Former Yugoslavia,NA,Europe
2014,Former Yugoslavia,NA,Europe
2015,Former Yugoslavia,NA,Europe
2016,Former Yugoslavia,NA,Europe
2017,Former Yugoslavia,NA,Europe
2018,Former Yugoslavia,NA,Europe
2019,Former Yugoslavia,NA,Europe
2020,Former Yugoslavia,NA,Europe
2021,Former Yugoslavia,NA,Europe
2022,Former Yugoslavia,NA,Europe
1992,Former Yugoslav Republic Of Macedonia,1,Europe
1993,Former Yugoslav Republic Of Macedonia,2,Europe
1994,Former Yugoslav Republic Of Macedonia,NA,Europe
1995,Former Yugoslav Republic Of Macedonia,2,Europe
1996,Former Yugoslav Republic Of Macedonia,3,Europe
1997,Former Yugoslav Republic Of Macedonia,4,Europe
1998,Former Yugoslav Republic Of Macedonia,1,Europe
1999,Former Yugoslav Republic Of Macedonia,1,Europe
2000,Former Yugoslav Republic Of Macedonia,NA,Europe
2001,Former Yugoslav Republic Of Macedonia,5,Europe
2002,Former Yugoslav Republic Of Macedonia,NA,Europe
2003,Former Yugoslav Republic Of Macedonia,NA,Europe
2004,Former Yugoslav Republic Of Macedonia,NA,Europe
2005,Former Yugoslav Republic Of Macedonia,NA,Europe
2006,Former Yugoslav Republic Of Macedonia,NA,Europe
2007,Former Yugoslav Republic Of Macedonia,NA,Europe
2008,Former Yugoslav Republic Of Macedonia,NA,Europe
2009,Former Yugoslav Republic Of Macedonia,NA,Europe
2010,Former Yugoslav Republic Of Macedonia,NA,Europe
2011,Former Yugoslav Republic Of Macedonia,NA,Europe
2012,Former Yugoslav Republic Of Macedonia,NA,Europe
2013,Former Yugoslav Republic Of Macedonia,NA,Europe
2014,Former Yugoslav Republic Of Macedonia,NA,Europe
2015,Former Yugoslav Republic Of Macedonia,NA,Europe
2016,Former Yugoslav Republic Of Macedonia,NA,Europe
2017,Former Yugoslav Republic Of Macedonia,NA,Europe
2018,Former Yugoslav Republic Of Macedonia,NA,Europe
2019,Former Yugoslav Republic Of Macedonia,NA,Europe
2020,Former Yugoslav Republic Of Macedonia,NA,Europe
2021,Former Yugoslav Republic Of Macedonia,NA,Europe
2022,Former Yugoslav Republic Of Macedonia,NA,Europe
1992,Cyprus,6,Europe
1993,Cyprus,4,Europe
1994,Cyprus,4,Europe
1995,Cyprus,2,Europe
1996,Cyprus,2,Europe
1997,Cyprus,2,Europe
1998,Cyprus,2,Europe
1999,Cyprus,2,Europe
2000,Cyprus,2,Europe
2001,Cyprus,2,Europe
2002,Cyprus,2,Europe
2003,Cyprus,4,Europe
2004,Cyprus,6,Europe
2005,Cyprus,3,Europe
2006,Cyprus,2,Europe
2007,Cyprus,2,Europe
2008,Cyprus,4,Europe
2009,Cyprus,3,Europe
2010,Cyprus,2,Europe
2011,Cyprus,2,Europe
2012,Cyprus,1,Europe
2013,Cyprus,2,Europe
2014,Cyprus,2,Europe
2015,Cyprus,2,Europe
2016,Cyprus,2,Europe
2017,Cyprus,2,Europe
2018,Cyprus,2,Europe
2019,Cyprus,2,Europe
2020,Cyprus,3,Europe
2021,Cyprus,3,Europe
2022,Cyprus,2,Europe
1992,Croatia,1,Europe
1993,Croatia,7,Europe
1994,Croatia,1,Europe
1995,Croatia,15,Europe
1996,Croatia,13,Europe
1997,Croatia,10,Europe
1998,Croatia,6,Europe
1999,Croatia,2,Europe
2000,Croatia,2,Europe
2001,Croatia,2,Europe
2002,Croatia,4,Europe
2003,Croatia,NA,Europe
2004,Croatia,NA,Europe
2005,Croatia,NA,Europe
2006,Croatia,NA,Europe
2007,Croatia,NA,Europe
2008,Croatia,NA,Europe
2009,Croatia,NA,Europe
2010,Croatia,NA,Europe
2011,Croatia,NA,Europe
2012,Croatia,NA,Europe
2013,Croatia,NA,Europe
2014,Croatia,NA,Europe
2015,Croatia,NA,Europe
2016,Croatia,NA,Europe
2017,Croatia,NA,Europe
2018,Croatia,NA,Europe
2019,Croatia,NA,Europe
2020,Croatia,NA,Europe
2021,Croatia,NA,Europe
2022,Croatia,NA,Europe
1992,Bosnia And Herzegovina,25,Europe
1993,Bosnia And Herzegovina,27,Europe
1994,Bosnia And Herzegovina,24,Europe
1995,Bosnia And Herzegovina,29,Europe
1996,Bosnia And Herzegovina,5,Europe
1997,Bosnia And Herzegovina,6,Europe
1998,Bosnia And Herzegovina,4,Europe
1999,Bosnia And Herzegovina,3,Europe
2000,Bosnia And Herzegovina,9,Europe
2001,Bosnia And Herzegovina,6,Europe
2002,Bosnia And Herzegovina,10,Europe
2003,Bosnia And Herzegovina,2,Europe
2004,Bosnia And Herzegovina,5,Europe
2005,Bosnia And Herzegovina,3,Europe
2006,Bosnia And Herzegovina,3,Europe
2007,Bosnia And Herzegovina,3,Europe
2008,Bosnia And Herzegovina,3,Europe
2009,Bosnia And Herzegovina,4,Europe
2010,Bosnia And Herzegovina,3,Europe
2011,Bosnia And Herzegovina,3,Europe
2012,Bosnia And Herzegovina,3,Europe
2013,Bosnia And Herzegovina,3,Europe
2014,Bosnia And Herzegovina,3,Europe
2015,Bosnia And Herzegovina,3,Europe
2016,Bosnia And Herzegovina,2,Europe
2017,Bosnia And Herzegovina,2,Europe
2018,Bosnia And Herzegovina,2,Europe
2019,Bosnia And Herzegovina,2,Europe
2020,Bosnia And Herzegovina,3,Europe
2021,Bosnia And Herzegovina,4,Europe
2022,Bosnia And Herzegovina,1,Europe
1992,Albania,NA,Europe
1993,Albania,NA,Europe
1994,Albania,NA,Europe
1995,Albania,NA,Europe
1996,Albania,NA,Europe
1997,Albania,5,Europe
1998,Albania,NA,Europe
1999,Albania,NA,Europe
2000,Albania,NA,Europe
2001,Albania,NA,Europe
2002,Albania,NA,Europe
2003,Albania,NA,Europe
2004,Albania,NA,Europe
2005,Albania,NA,Europe
2006,Albania,NA,Europe
2007,Albania,NA,Europe
2008,Albania,NA,Europe
2009,Albania,NA,Europe
2010,Albania,NA,Europe
2011,Albania,NA,Europe
2012,Albania,NA,Europe
2013,Albania,NA,Europe
2014,Albania,NA,Europe
2015,Albania,NA,Europe
2016,Albania,NA,Europe
2017,Albania,NA,Europe
2018,Albania,NA,Europe
2019,Albania,NA,Europe
2020,Albania,NA,Europe
2021,Albania,NA,Europe
2022,Albania,NA,Europe
1992,Yemen,NA,Middle East
1993,Yemen,NA,Middle East
1994,Yemen,3,Middle East
1995,Yemen,NA,Middle East
1996,Yemen,NA,Middle East
1997,Yemen,NA,Middle East
1998,Yemen,NA,Middle East
1999,Yemen,NA,Middle East
2000,Yemen,NA,Middle East
2001,Yemen,NA,Middle East
2002,Yemen,NA,Middle East
2003,Yemen,NA,Middle East
2004,Yemen,NA,Middle East
2005,Yemen,NA,Middle East
2006,Yemen,NA,Middle East
2007,Yemen,NA,Middle East
2008,Yemen,NA,Middle East
2009,Yemen,NA,Middle East
2010,Yemen,NA,Middle East
2011,Yemen,1,Middle East
2012,Yemen,4,Middle East
2013,Yemen,3,Middle East
2014,Yemen,4,Middle East
2015,Yemen,9,Middle East
2016,Yemen,9,Middle East
2017,Yemen,7,Middle East
2018,Yemen,11,Middle East
2019,Yemen,14,Middle East
2020,Yemen,13,Middle East
2021,Yemen,13,Middle East
2022,Yemen,8,Middle East
1992,Syria,NA,Middle East
1993,Syria,NA,Middle East
1994,Syria,NA,Middle East
1995,Syria,NA,Middle East
1996,Syria,NA,Middle East
1997,Syria,NA,Middle East
1998,Syria,NA,Middle East
1999,Syria,NA,Middle East
2000,Syria,NA,Middle East
2001,Syria,NA,Middle East
2002,Syria,NA,Middle East
2003,Syria,NA,Middle East
2004,Syria,NA,Middle East
2005,Syria,NA,Middle East
2006,Syria,NA,Middle East
2007,Syria,NA,Middle East
2008,Syria,NA,Middle East
2009,Syria,NA,Middle East
2010,Syria,NA,Middle East
2011,Syria,3,Middle East
2012,Syria,10,Middle East
2013,Syria,5,Middle East
2014,Syria,10,Middle East
2015,Syria,18,Middle East
2016,Syria,26,Middle East
2017,Syria,28,Middle East
2018,Syria,32,Middle East
2019,Syria,24,Middle East
2020,Syria,32,Middle East
2021,Syria,24,Middle East
2022,Syria,16,Middle East
1992,Middle East,NA,Middle East
1993,Middle East,NA,Middle East
1994,Middle East,NA,Middle East
1995,Middle East,NA,Middle East
1996,Middle East,NA,Middle East
1997,Middle East,NA,Middle East
1998,Middle East,NA,Middle East
1999,Middle East,NA,Middle East
2000,Middle East,NA,Middle East
2001,Middle East,NA,Middle East
2002,Middle East,NA,Middle East
2003,Middle East,NA,Middle East
2004,Middle East,NA,Middle East
2005,Middle East,NA,Middle East
2006,Middle East,NA,Middle East
2007,Middle East,NA,Middle East
2008,Middle East,NA,Middle East
2009,Middle East,NA,Middle East
2010,Middle East,NA,Middle East
2011,Middle East,NA,Middle East
2012,Middle East,1,Middle East
2013,Middle East,NA,Middle East
2014,Middle East,NA,Middle East
2015,Middle East,1,Middle East
2016,Middle East,NA,Middle East
2017,Middle East,NA,Middle East
2018,Middle East,NA,Middle East
2019,Middle East,NA,Middle East
2020,Middle East,NA,Middle East
2021,Middle East,NA,Middle East
2022,Middle East,NA,Middle East
1992,Lebanon,NA,Middle East
1993,Lebanon,NA,Middle East
1994,Lebanon,NA,Middle East
1995,Lebanon,NA,Middle East
1996,Lebanon,NA,Middle East
1997,Lebanon,NA,Middle East
1998,Lebanon,NA,Middle East
1999,Lebanon,NA,Middle East
2000,Lebanon,NA,Middle East
2001,Lebanon,NA,Middle East
2002,Lebanon,NA,Middle East
2003,Lebanon,NA,Middle East
2004,Lebanon,NA,Middle East
2005,Lebanon,6,Middle East
2006,Lebanon,9,Middle East
2007,Lebanon,9,Middle East
2008,Lebanon,7,Middle East
2009,Lebanon,1,Middle East
2010,Lebanon,NA,Middle East
2011,Lebanon,NA,Middle East
2012,Lebanon,NA,Middle East
2013,Lebanon,NA,Middle East
2014,Lebanon,NA,Middle East
2015,Lebanon,NA,Middle East
2016,Lebanon,NA,Middle East
2017,Lebanon,NA,Middle East
2018,Lebanon,NA,Middle East
2019,Lebanon,NA,Middle East
2020,Lebanon,NA,Middle East
2021,Lebanon,NA,Middle East
2022,Lebanon,NA,Middle East
1992,Israel/Syria,2,Middle East
1993,Israel/Syria,2,Middle East
1994,Israel/Syria,2,Middle East
1995,Israel/Syria,2,Middle East
1996,Israel/Syria,2,Middle East
1997,Israel/Syria,2,Middle East
1998,Israel/Syria,2,Middle East
1999,Israel/Syria,2,Middle East
2000,Israel/Syria,2,Middle East
2001,Israel/Syria,2,Middle East
2002,Israel/Syria,2,Middle East
2003,Israel/Syria,3,Middle East
2004,Israel/Syria,2,Middle East
2005,Israel/Syria,2,Middle East
2006,Israel/Syria,2,Middle East
2007,Israel/Syria,2,Middle East
2008,Israel/Syria,2,Middle East
2009,Israel/Syria,2,Middle East
2010,Israel/Syria,2,Middle East
2011,Israel/Syria,2,Middle East
2012,Israel/Syria,2,Middle East
2013,Israel/Syria,2,Middle East
2014,Israel/Syria,3,Middle East
2015,Israel/Syria,2,Middle East
2016,Israel/Syria,2,Middle East
2017,Israel/Syria,2,Middle East
2018,Israel/Syria,2,Middle East
2019,Israel/Syria,3,Middle East
2020,Israel/Syria,2,Middle East
2021,Israel/Syria,2,Middle East
2022,Israel/Syria,1,Middle East
1992,Israel/Palestine,3,Middle East
1993,Israel/Palestine,NA,Middle East
1994,Israel/Palestine,4,Middle East
1995,Israel/Palestine,3,Middle East
1996,Israel/Palestine,2,Middle East
1997,Israel/Palestine,3,Middle East
1998,Israel/Palestine,2,Middle East
1999,Israel/Palestine,NA,Middle East
2000,Israel/Palestine,4,Middle East
2001,Israel/Palestine,4,Middle East
2002,Israel/Palestine,19,Middle East
2003,Israel/Palestine,16,Middle East
2004,Israel/Palestine,18,Middle East
2005,Israel/Palestine,15,Middle East
2006,Israel/Palestine,18,Middle East
2007,Israel/Palestine,12,Middle East
2008,Israel/Palestine,18,Middle East
2009,Israel/Palestine,15,Middle East
2010,Israel/Palestine,14,Middle East
2011,Israel/Palestine,13,Middle East
2012,Israel/Palestine,13,Middle East
2013,Israel/Palestine,12,Middle East
2014,Israel/Palestine,18,Middle East
2015,Israel/Palestine,13,Middle East
2016,Israel/Palestine,13,Middle East
2017,Israel/Palestine,14,Middle East
2018,Israel/Palestine,15,Middle East
2019,Israel/Palestine,12,Middle East
2020,Israel/Palestine,13,Middle East
2021,Israel/Palestine,13,Middle East
2022,Israel/Palestine,7,Middle East
1992,Israel/Lebanon,3,Middle East
1993,Israel/Lebanon,2,Middle East
1994,Israel/Lebanon,2,Middle East
1995,Israel/Lebanon,2,Middle East
1996,Israel/Lebanon,4,Middle East
1997,Israel/Lebanon,2,Middle East
1998,Israel/Lebanon,2,Middle East
1999,Israel/Lebanon,2,Middle East
2000,Israel/Lebanon,5,Middle East
2001,Israel/Lebanon,2,Middle East
2002,Israel/Lebanon,2,Middle East
2003,Israel/Lebanon,2,Middle East
2004,Israel/Lebanon,4,Middle East
2005,Israel/Lebanon,7,Middle East
2006,Israel/Lebanon,13,Middle East
2007,Israel/Lebanon,5,Middle East
2008,Israel/Lebanon,2,Middle East
2009,Israel/Lebanon,1,Middle East
2010,Israel/Lebanon,1,Middle East
2011,Israel/Lebanon,1,Middle East
2012,Israel/Lebanon,1,Middle East
2013,Israel/Lebanon,2,Middle East
2014,Israel/Lebanon,2,Middle East
2015,Israel/Lebanon,2,Middle East
2016,Israel/Lebanon,3,Middle East
2017,Israel/Lebanon,1,Middle East
2018,Israel/Lebanon,2,Middle East
2019,Israel/Lebanon,1,Middle East
2020,Israel/Lebanon,1,Middle East
2021,Israel/Lebanon,1,Middle East
2022,Israel/Lebanon,NA,Middle East
1992,Iraq/Kuwait,9,Middle East
1993,Iraq/Kuwait,8,Middle East
1994,Iraq/Kuwait,5,Middle East
1995,Iraq/Kuwait,1,Middle East
1996,Iraq/Kuwait,6,Middle East
1997,Iraq/Kuwait,12,Middle East
1998,Iraq/Kuwait,10,Middle East
1999,Iraq/Kuwait,6,Middle East
2000,Iraq/Kuwait,4,Middle East
2001,Iraq/Kuwait,4,Middle East
2002,Iraq/Kuwait,6,Middle East
2003,Iraq/Kuwait,23,Middle East
2004,Iraq/Kuwait,15,Middle East
2005,Iraq/Kuwait,3,Middle East
2006,Iraq/Kuwait,NA,Middle East
2007,Iraq/Kuwait,NA,Middle East
2008,Iraq/Kuwait,NA,Middle East
2009,Iraq/Kuwait,NA,Middle East
2010,Iraq/Kuwait,NA,Middle East
2011,Iraq/Kuwait,NA,Middle East
2012,Iraq/Kuwait,NA,Middle East
2013,Iraq/Kuwait,1,Middle East
2014,Iraq/Kuwait,NA,Middle East
2015,Iraq/Kuwait,NA,Middle East
2016,Iraq/Kuwait,NA,Middle East
2017,Iraq/Kuwait,NA,Middle East
2018,Iraq/Kuwait,NA,Middle East
2019,Iraq/Kuwait,1,Middle East
2020,Iraq/Kuwait,NA,Middle East
2021,Iraq/Kuwait,NA,Middle East
2022,Iraq/Kuwait,1,Middle East
1992,Iraq,NA,Middle East
1993,Iraq,NA,Middle East
1994,Iraq,NA,Middle East
1995,Iraq,NA,Middle East
1996,Iraq,NA,Middle East
1997,Iraq,NA,Middle East
1998,Iraq,NA,Middle East
1999,Iraq,NA,Middle East
2000,Iraq,NA,Middle East
2001,Iraq,NA,Middle East
2002,Iraq,NA,Middle East
2003,Iraq,1,Middle East
2004,Iraq,NA,Middle East
2005,Iraq,9,Middle East
2006,Iraq,8,Middle East
2007,Iraq,7,Middle East
2008,Iraq,7,Middle East
2009,Iraq,7,Middle East
2010,Iraq,10,Middle East
2011,Iraq,4,Middle East
2012,Iraq,4,Middle East
2013,Iraq,4,Middle East
2014,Iraq,6,Middle East
2015,Iraq,6,Middle East
2016,Iraq,6,Middle East
2017,Iraq,6,Middle East
2018,Iraq,5,Middle East
2019,Iraq,4,Middle East
2020,Iraq,5,Middle East
2021,Iraq,5,Middle East
2022,Iraq,5,Middle East
1992,Iran,NA,Middle East
1993,Iran,NA,Middle East
1994,Iran,NA,Middle East
1995,Iran,NA,Middle East
1996,Iran,NA,Middle East
1997,Iran,NA,Middle East
1998,Iran,NA,Middle East
1999,Iran,NA,Middle East
2000,Iran,NA,Middle East
2001,Iran,NA,Middle East
2002,Iran,NA,Middle East
2003,Iran,NA,Middle East
2004,Iran,NA,Middle East
2005,Iran,NA,Middle East
2006,Iran,NA,Middle East
2007,Iran,NA,Middle East
2008,Iran,NA,Middle East
2009,Iran,NA,Middle East
2010,Iran,NA,Middle East
2011,Iran,NA,Middle East
2012,Iran,NA,Middle East
2013,Iran,NA,Middle East
2014,Iran,NA,Middle East
2015,Iran,NA,Middle East
2016,Iran,NA,Middle East
2017,Iran,NA,Middle East
2018,Iran,1,Middle East
2019,Iran,NA,Middle East
2020,Iran,NA,Middle East
2021,Iran,NA,Middle East
2022,Iran,NA,Middle East
1992,Women And Peace And Security,NA,Thematic
1993,Women And Peace And Security,NA,Thematic
1994,Women And Peace And Security,NA,Thematic
1995,Women And Peace And Security,NA,Thematic
1996,Women And Peace And Security,NA,Thematic
1997,Women And Peace And Security,NA,Thematic
1998,Women And Peace And Security,NA,Thematic
1999,Women And Peace And Security,NA,Thematic
2000,Women And Peace And Security,2,Thematic
2001,Women And Peace And Security,1,Thematic
2002,Women And Peace And Security,3,Thematic
2003,Women And Peace And Security,1,Thematic
2004,Women And Peace And Security,1,Thematic
2005,Women And Peace And Security,1,Thematic
2006,Women And Peace And Security,1,Thematic
2007,Women And Peace And Security,2,Thematic
2008,Women And Peace And Security,2,Thematic
2009,Women And Peace And Security,3,Thematic
2010,Women And Peace And Security,3,Thematic
2011,Women And Peace And Security,2,Thematic
2012,Women And Peace And Security,4,Thematic
2013,Women And Peace And Security,3,Thematic
2014,Women And Peace And Security,2,Thematic
2015,Women And Peace And Security,2,Thematic
2016,Women And Peace And Security,4,Thematic
2017,Women And Peace And Security,2,Thematic
2018,Women And Peace And Security,2,Thematic
2019,Women And Peace And Security,2,Thematic
2020,Women And Peace And Security,3,Thematic
2021,Women And Peace And Security,3,Thematic
2022,Women And Peace And Security,4,Thematic
1992,Threats To International Peace And Security,NA,Thematic
1993,Threats To International Peace And Security,NA,Thematic
1994,Threats To International Peace And Security,NA,Thematic
1995,Threats To International Peace And Security,NA,Thematic
1996,Threats To International Peace And Security,NA,Thematic
1997,Threats To International Peace And Security,NA,Thematic
1998,Threats To International Peace And Security,NA,Thematic
1999,Threats To International Peace And Security,NA,Thematic
2000,Threats To International Peace And Security,NA,Thematic
2001,Threats To International Peace And Security,NA,Thematic
2002,Threats To International Peace And Security,NA,Thematic
2003,Threats To International Peace And Security,NA,Thematic
2004,Threats To International Peace And Security,NA,Thematic
2005,Threats To International Peace And Security,1,Thematic
2006,Threats To International Peace And Security,NA,Thematic
2007,Threats To International Peace And Security,1,Thematic
2008,Threats To International Peace And Security,NA,Thematic
2009,Threats To International Peace And Security,NA,Thematic
2010,Threats To International Peace And Security,1,Thematic
2011,Threats To International Peace And Security,1,Thematic
2012,Threats To International Peace And Security,1,Thematic
2013,Threats To International Peace And Security,NA,Thematic
2014,Threats To International Peace And Security,2,Thematic
2015,Threats To International Peace And Security,NA,Thematic
2016,Threats To International Peace And Security,NA,Thematic
2017,Threats To International Peace And Security,1,Thematic
2018,Threats To International Peace And Security,6,Thematic
2019,Threats To International Peace And Security,7,Thematic
2020,Threats To International Peace And Security,3,Thematic
2021,Threats To International Peace And Security,3,Thematic
2022,Threats To International Peace And Security,NA,Thematic
1992,Terrorism,NA,Thematic
1993,Terrorism,NA,Thematic
1994,Terrorism,NA,Thematic
1995,Terrorism,NA,Thematic
1996,Terrorism,NA,Thematic
1997,Terrorism,NA,Thematic
1998,Terrorism,1,Thematic
1999,Terrorism,NA,Thematic
2000,Terrorism,NA,Thematic
2001,Terrorism,3,Thematic
2002,Terrorism,12,Thematic
2003,Terrorism,11,Thematic
2004,Terrorism,14,Thematic
2005,Terrorism,15,Thematic
2006,Terrorism,9,Thematic
2007,Terrorism,12,Thematic
2008,Terrorism,10,Thematic
2009,Terrorism,5,Thematic
2010,Terrorism,5,Thematic
2011,Terrorism,5,Thematic
2012,Terrorism,5,Thematic
2013,Terrorism,4,Thematic
2014,Terrorism,8,Thematic
2015,Terrorism,10,Thematic
2016,Terrorism,10,Thematic
2017,Terrorism,14,Thematic
2018,Terrorism,6,Thematic
2019,Terrorism,6,Thematic
2020,Terrorism,8,Thematic
2021,Terrorism,8,Thematic
2022,Terrorism,1,Thematic
1992,Small Arms,NA,Thematic
1993,Small Arms,NA,Thematic
1994,Small Arms,NA,Thematic
1995,Small Arms,NA,Thematic
1996,Small Arms,NA,Thematic
1997,Small Arms,NA,Thematic
1998,Small Arms,NA,Thematic
1999,Small Arms,1,Thematic
2000,Small Arms,NA,Thematic
2001,Small Arms,2,Thematic
2002,Small Arms,2,Thematic
2003,Small Arms,1,Thematic
2004,Small Arms,1,Thematic
2005,Small Arms,1,Thematic
2006,Small Arms,1,Thematic
2007,Small Arms,1,Thematic
2008,Small Arms,1,Thematic
2009,Small Arms,NA,Thematic
2010,Small Arms,NA,Thematic
2011,Small Arms,NA,Thematic
2012,Small Arms,NA,Thematic
2013,Small Arms,1,Thematic
2014,Small Arms,NA,Thematic
2015,Small Arms,2,Thematic
2016,Small Arms,NA,Thematic
2017,Small Arms,1,Thematic
2018,Small Arms,NA,Thematic
2019,Small Arms,NA,Thematic
2020,Small Arms,1,Thematic
2021,Small Arms,2,Thematic
2022,Small Arms,NA,Thematic
1992,Security Council Mission,NA,Thematic
1993,Security Council Mission,NA,Thematic
1994,Security Council Mission,NA,Thematic
1995,Security Council Mission,NA,Thematic
1996,Security Council Mission,NA,Thematic
1997,Security Council Mission,NA,Thematic
1998,Security Council Mission,NA,Thematic
1999,Security Council Mission,NA,Thematic
2000,Security Council Mission,NA,Thematic
2001,Security Council Mission,NA,Thematic
2002,Security Council Mission,NA,Thematic
2003,Security Council Mission,4,Thematic
2004,Security Council Mission,6,Thematic
2005,Security Council Mission,3,Thematic
2006,Security Council Mission,6,Thematic
2007,Security Council Mission,6,Thematic
2008,Security Council Mission,2,Thematic
2009,Security Council Mission,2,Thematic
2010,Security Council Mission,2,Thematic
2011,Security Council Mission,1,Thematic
2012,Security Council Mission,3,Thematic
2013,Security Council Mission,2,Thematic
2014,Security Council Mission,2,Thematic
2015,Security Council Mission,2,Thematic
2016,Security Council Mission,4,Thematic
2017,Security Council Mission,5,Thematic
2018,Security Council Mission,3,Thematic
2019,Security Council Mission,4,Thematic
2020,Security Council Mission,NA,Thematic
2021,Security Council Mission,1,Thematic
2022,Security Council Mission,NA,Thematic
1992,Sanctions,NA,Thematic
1993,Sanctions,NA,Thematic
1994,Sanctions,NA,Thematic
1995,Sanctions,NA,Thematic
1996,Sanctions,NA,Thematic
1997,Sanctions,NA,Thematic
1998,Sanctions,NA,Thematic
1999,Sanctions,NA,Thematic
2000,Sanctions,1,Thematic
2001,Sanctions,1,Thematic
2002,Sanctions,NA,Thematic
2003,Sanctions,2,Thematic
2004,Sanctions,1,Thematic
2005,Sanctions,NA,Thematic
2006,Sanctions,3,Thematic
2007,Sanctions,NA,Thematic
2008,Sanctions,NA,Thematic
2009,Sanctions,NA,Thematic
2010,Sanctions,NA,Thematic
2011,Sanctions,1,Thematic
2012,Sanctions,NA,Thematic
2013,Sanctions,NA,Thematic
2014,Sanctions,1,Thematic
2015,Sanctions,NA,Thematic
2016,Sanctions,1,Thematic
2017,Sanctions,1,Thematic
2018,Sanctions,NA,Thematic
2019,Sanctions,NA,Thematic
2020,Sanctions,NA,Thematic
2021,Sanctions,NA,Thematic
2022,Sanctions,1,Thematic
1992,Rule Of Law,NA,Thematic
1993,Rule Of Law,NA,Thematic
1994,Rule Of Law,NA,Thematic
1995,Rule Of Law,NA,Thematic
1996,Rule Of Law,NA,Thematic
1997,Rule Of Law,NA,Thematic
1998,Rule Of Law,NA,Thematic
1999,Rule Of Law,NA,Thematic
2000,Rule Of Law,NA,Thematic
2001,Rule Of Law,NA,Thematic
2002,Rule Of Law,NA,Thematic
2003,Rule Of Law,2,Thematic
2004,Rule Of Law,1,Thematic
2005,Rule Of Law,NA,Thematic
2006,Rule Of Law,1,Thematic
2007,Rule Of Law,NA,Thematic
2008,Rule Of Law,NA,Thematic
2009,Rule Of Law,NA,Thematic
2010,Rule Of Law,1,Thematic
2011,Rule Of Law,NA,Thematic
2012,Rule Of Law,2,Thematic
2013,Rule Of Law,1,Thematic
2014,Rule Of Law,2,Thematic
2015,Rule Of Law,NA,Thematic
2016,Rule Of Law,NA,Thematic
2017,Rule Of Law,NA,Thematic
2018,Rule Of Law,NA,Thematic
2019,Rule Of Law,3,Thematic
2020,Rule Of Law,1,Thematic
2021,Rule Of Law,NA,Thematic
2022,Rule Of Law,NA,Thematic
1992,Regional Organizations,NA,Thematic
1993,Regional Organizations,NA,Thematic
1994,Regional Organizations,NA,Thematic
1995,Regional Organizations,NA,Thematic
1996,Regional Organizations,NA,Thematic
1997,Regional Organizations,NA,Thematic
1998,Regional Organizations,NA,Thematic
1999,Regional Organizations,NA,Thematic
2000,Regional Organizations,NA,Thematic
2001,Regional Organizations,NA,Thematic
2002,Regional Organizations,NA,Thematic
2003,Regional Organizations,1,Thematic
2004,Regional Organizations,1,Thematic
2005,Regional Organizations,1,Thematic
2006,Regional Organizations,1,Thematic
2007,Regional Organizations,2,Thematic
2008,Regional Organizations,NA,Thematic
2009,Regional Organizations,NA,Thematic
2010,Regional Organizations,2,Thematic
2011,Regional Organizations,1,Thematic
2012,Regional Organizations,1,Thematic
2013,Regional Organizations,3,Thematic
2014,Regional Organizations,2,Thematic
2015,Regional Organizations,2,Thematic
2016,Regional Organizations,5,Thematic
2017,Regional Organizations,3,Thematic
2018,Regional Organizations,3,Thematic
2019,Regional Organizations,5,Thematic
2020,Regional Organizations,4,Thematic
2021,Regional Organizations,4,Thematic
2022,Regional Organizations,3,Thematic
1992,Protection Of Civilians,NA,Thematic
1993,Protection Of Civilians,NA,Thematic
1994,Protection Of Civilians,NA,Thematic
1995,Protection Of Civilians,NA,Thematic
1996,Protection Of Civilians,NA,Thematic
1997,Protection Of Civilians,NA,Thematic
1998,Protection Of Civilians,NA,Thematic
1999,Protection Of Civilians,4,Thematic
2000,Protection Of Civilians,1,Thematic
2001,Protection Of Civilians,2,Thematic
2002,Protection Of Civilians,4,Thematic
2003,Protection Of Civilians,3,Thematic
2004,Protection Of Civilians,2,Thematic
2005,Protection Of Civilians,2,Thematic
2006,Protection Of Civilians,4,Thematic
2007,Protection Of Civilians,2,Thematic
2008,Protection Of Civilians,1,Thematic
2009,Protection Of Civilians,3,Thematic
2010,Protection Of Civilians,2,Thematic
2011,Protection Of Civilians,2,Thematic
2012,Protection Of Civilians,1,Thematic
2013,Protection Of Civilians,3,Thematic
2014,Protection Of Civilians,3,Thematic
2015,Protection Of Civilians,3,Thematic
2016,Protection Of Civilians,4,Thematic
2017,Protection Of Civilians,1,Thematic
2018,Protection Of Civilians,3,Thematic
2019,Protection Of Civilians,3,Thematic
2020,Protection Of Civilians,3,Thematic
2021,Protection Of Civilians,3,Thematic
2022,Protection Of Civilians,2,Thematic
1992,Procedure Rules,NA,Thematic
1993,Procedure Rules,NA,Thematic
1994,Procedure Rules,3,Thematic
1995,Procedure Rules,NA,Thematic
1996,Procedure Rules,NA,Thematic
1997,Procedure Rules,NA,Thematic
1998,Procedure Rules,NA,Thematic
1999,Procedure Rules,NA,Thematic
2000,Procedure Rules,NA,Thematic
2001,Procedure Rules,4,Thematic
2002,Procedure Rules,2,Thematic
2003,Procedure Rules,2,Thematic
2004,Procedure Rules,1,Thematic
2005,Procedure Rules,1,Thematic
2006,Procedure Rules,NA,Thematic
2007,Procedure Rules,NA,Thematic
2008,Procedure Rules,1,Thematic
2009,Procedure Rules,NA,Thematic
2010,Procedure Rules,NA,Thematic
2011,Procedure Rules,NA,Thematic
2012,Procedure Rules,NA,Thematic
2013,Procedure Rules,NA,Thematic
2014,Procedure Rules,NA,Thematic
2015,Procedure Rules,NA,Thematic
2016,Procedure Rules,NA,Thematic
2017,Procedure Rules,NA,Thematic
2018,Procedure Rules,NA,Thematic
2019,Procedure Rules,NA,Thematic
2020,Procedure Rules,NA,Thematic
2021,Procedure Rules,NA,Thematic
2022,Procedure Rules,NA,Thematic
1992,Peacekeeping,NA,Thematic
1993,Peacekeeping,1,Thematic
1994,Peacekeeping,NA,Thematic
1995,Peacekeeping,NA,Thematic
1996,Peacekeeping,3,Thematic
1997,Peacekeeping,3,Thematic
1998,Peacekeeping,NA,Thematic
1999,Peacekeeping,NA,Thematic
2000,Peacekeeping,2,Thematic
2001,Peacekeeping,3,Thematic
2002,Peacekeeping,2,Thematic
2003,Peacekeeping,5,Thematic
2004,Peacekeeping,1,Thematic
2005,Peacekeeping,1,Thematic
2006,Peacekeeping,2,Thematic
2007,Peacekeeping,NA,Thematic
2008,Peacekeeping,NA,Thematic
2009,Peacekeeping,3,Thematic
2010,Peacekeeping,2,Thematic
2011,Peacekeeping,2,Thematic
2012,Peacekeeping,3,Thematic
2013,Peacekeeping,3,Thematic
2014,Peacekeeping,4,Thematic
2015,Peacekeeping,4,Thematic
2016,Peacekeeping,3,Thematic
2017,Peacekeeping,8,Thematic
2018,Peacekeeping,7,Thematic
2019,Peacekeeping,6,Thematic
2020,Peacekeeping,6,Thematic
2021,Peacekeeping,8,Thematic
2022,Peacekeeping,1,Thematic
1992,Peacebuilding,NA,Thematic
1993,Peacebuilding,NA,Thematic
1994,Peacebuilding,NA,Thematic
1995,Peacebuilding,NA,Thematic
1996,Peacebuilding,NA,Thematic
1997,Peacebuilding,NA,Thematic
1998,Peacebuilding,2,Thematic
1999,Peacebuilding,2,Thematic
2000,Peacebuilding,2,Thematic
2001,Peacebuilding,2,Thematic
2002,Peacebuilding,NA,Thematic
2003,Peacebuilding,NA,Thematic
2004,Peacebuilding,4,Thematic
2005,Peacebuilding,3,Thematic
2006,Peacebuilding,NA,Thematic
2007,Peacebuilding,2,Thematic
2008,Peacebuilding,2,Thematic
2009,Peacebuilding,2,Thematic
2010,Peacebuilding,3,Thematic
2011,Peacebuilding,4,Thematic
2012,Peacebuilding,2,Thematic
2013,Peacebuilding,1,Thematic
2014,Peacebuilding,2,Thematic
2015,Peacebuilding,2,Thematic
2016,Peacebuilding,4,Thematic
2017,Peacebuilding,1,Thematic
2018,Peacebuilding,5,Thematic
2019,Peacebuilding,2,Thematic
2020,Peacebuilding,4,Thematic
2021,Peacebuilding,1,Thematic
2022,Peacebuilding,1,Thematic
1992,Pacific Settlement Of Disputes,NA,Thematic
1993,Pacific Settlement Of Disputes,NA,Thematic
1994,Pacific Settlement Of Disputes,NA,Thematic
1995,Pacific Settlement Of Disputes,NA,Thematic
1996,Pacific Settlement Of Disputes,NA,Thematic
1997,Pacific Settlement Of Disputes,NA,Thematic
1998,Pacific Settlement Of Disputes,NA,Thematic
1999,Pacific Settlement Of Disputes,NA,Thematic
2000,Pacific Settlement Of Disputes,NA,Thematic
2001,Pacific Settlement Of Disputes,NA,Thematic
2002,Pacific Settlement Of Disputes,NA,Thematic
2003,Pacific Settlement Of Disputes,1,Thematic
2004,Pacific Settlement Of Disputes,NA,Thematic
2005,Pacific Settlement Of Disputes,NA,Thematic
2006,Pacific Settlement Of Disputes,NA,Thematic
2007,Pacific Settlement Of Disputes,NA,Thematic
2008,Pacific Settlement Of Disputes,NA,Thematic
2009,Pacific Settlement Of Disputes,NA,Thematic
2010,Pacific Settlement Of Disputes,NA,Thematic
2011,Pacific Settlement Of Disputes,NA,Thematic
2012,Pacific Settlement Of Disputes,NA,Thematic
2013,Pacific Settlement Of Disputes,NA,Thematic
2014,Pacific Settlement Of Disputes,NA,Thematic
2015,Pacific Settlement Of Disputes,NA,Thematic
2016,Pacific Settlement Of Disputes,NA,Thematic
2017,Pacific Settlement Of Disputes,NA,Thematic
2018,Pacific Settlement Of Disputes,NA,Thematic
2019,Pacific Settlement Of Disputes,NA,Thematic
2020,Pacific Settlement Of Disputes,NA,Thematic
2021,Pacific Settlement Of Disputes,NA,Thematic
2022,Pacific Settlement Of Disputes,NA,Thematic
1992,Pacific Islands,NA,Thematic
1993,Pacific Islands,NA,Thematic
1994,Pacific Islands,1,Thematic
1995,Pacific Islands,NA,Thematic
1996,Pacific Islands,NA,Thematic
1997,Pacific Islands,NA,Thematic
1998,Pacific Islands,NA,Thematic
1999,Pacific Islands,NA,Thematic
2000,Pacific Islands,NA,Thematic
2001,Pacific Islands,NA,Thematic
2002,Pacific Islands,NA,Thematic
2003,Pacific Islands,NA,Thematic
2004,Pacific Islands,NA,Thematic
2005,Pacific Islands,NA,Thematic
2006,Pacific Islands,NA,Thematic
2007,Pacific Islands,NA,Thematic
2008,Pacific Islands,NA,Thematic
2009,Pacific Islands,NA,Thematic
2010,Pacific Islands,NA,Thematic
2011,Pacific Islands,NA,Thematic
2012,Pacific Islands,NA,Thematic
2013,Pacific Islands,NA,Thematic
2014,Pacific Islands,NA,Thematic
2015,Pacific Islands,NA,Thematic
2016,Pacific Islands,NA,Thematic
2017,Pacific Islands,NA,Thematic
2018,Pacific Islands,NA,Thematic
2019,Pacific Islands,NA,Thematic
2020,Pacific Islands,NA,Thematic
2021,Pacific Islands,NA,Thematic
2022,Pacific Islands,NA,Thematic
1992,Others,26,Thematic
1993,Others,17,Thematic
1994,Others,4,Thematic
1995,Others,10,Thematic
1996,Others,3,Thematic
1997,Others,1,Thematic
1998,Others,1,Thematic
1999,Others,9,Thematic
2000,Others,6,Thematic
2001,Others,4,Thematic
2002,Others,6,Thematic
2003,Others,1,Thematic
2004,Others,2,Thematic
2005,Others,3,Thematic
2006,Others,4,Thematic
2007,Others,1,Thematic
2008,Others,3,Thematic
2009,Others,1,Thematic
2010,Others,6,Thematic
2011,Others,14,Thematic
2012,Others,4,Thematic
2013,Others,2,Thematic
2014,Others,16,Thematic
2015,Others,7,Thematic
2016,Others,6,Thematic
2017,Others,11,Thematic
2018,Others,6,Thematic
2019,Others,2,Thematic
2020,Others,3,Thematic
2021,Others,4,Thematic
2022,Others,3,Thematic
1992,Non-Proliferation,NA,Thematic
1993,Non-Proliferation,NA,Thematic
1994,Non-Proliferation,NA,Thematic
1995,Non-Proliferation,1,Thematic
1996,Non-Proliferation,1,Thematic
1997,Non-Proliferation,NA,Thematic
1998,Non-Proliferation,NA,Thematic
1999,Non-Proliferation,NA,Thematic
2000,Non-Proliferation,NA,Thematic
2001,Non-Proliferation,NA,Thematic
2002,Non-Proliferation,NA,Thematic
2003,Non-Proliferation,NA,Thematic
2004,Non-Proliferation,3,Thematic
2005,Non-Proliferation,NA,Thematic
2006,Non-Proliferation,5,Thematic
2007,Non-Proliferation,7,Thematic
2008,Non-Proliferation,9,Thematic
2009,Non-Proliferation,5,Thematic
2010,Non-Proliferation,6,Thematic
2011,Non-Proliferation,7,Thematic
2012,Non-Proliferation,8,Thematic
2013,Non-Proliferation,7,Thematic
2014,Non-Proliferation,8,Thematic
2015,Non-Proliferation,8,Thematic
2016,Non-Proliferation,6,Thematic
2017,Non-Proliferation,17,Thematic
2018,Non-Proliferation,7,Thematic
2019,Non-Proliferation,6,Thematic
2020,Non-Proliferation,5,Thematic
2021,Non-Proliferation,6,Thematic
2022,Non-Proliferation,6,Thematic
1992,Maintenance Of International Peace And Security,1,Thematic
1993,Maintenance Of International Peace And Security,NA,Thematic
1994,Maintenance Of International Peace And Security,NA,Thematic
1995,Maintenance Of International Peace And Security,NA,Thematic
1996,Maintenance Of International Peace And Security,NA,Thematic
1997,Maintenance Of International Peace And Security,NA,Thematic
1998,Maintenance Of International Peace And Security,3,Thematic
1999,Maintenance Of International Peace And Security,1,Thematic
2000,Maintenance Of International Peace And Security,3,Thematic
2001,Maintenance Of International Peace And Security,2,Thematic
2002,Maintenance Of International Peace And Security,NA,Thematic
2003,Maintenance Of International Peace And Security,NA,Thematic
2004,Maintenance Of International Peace And Security,1,Thematic
2005,Maintenance Of International Peace And Security,1,Thematic
2006,Maintenance Of International Peace And Security,NA,Thematic
2007,Maintenance Of International Peace And Security,3,Thematic
2008,Maintenance Of International Peace And Security,4,Thematic
2009,Maintenance Of International Peace And Security,2,Thematic
2010,Maintenance Of International Peace And Security,3,Thematic
2011,Maintenance Of International Peace And Security,6,Thematic
2012,Maintenance Of International Peace And Security,2,Thematic
2013,Maintenance Of International Peace And Security,1,Thematic
2014,Maintenance Of International Peace And Security,4,Thematic
2015,Maintenance Of International Peace And Security,13,Thematic
2016,Maintenance Of International Peace And Security,8,Thematic
2017,Maintenance Of International Peace And Security,17,Thematic
2018,Maintenance Of International Peace And Security,17,Thematic
2019,Maintenance Of International Peace And Security,7,Thematic
2020,Maintenance Of International Peace And Security,13,Thematic
2021,Maintenance Of International Peace And Security,19,Thematic
2022,Maintenance Of International Peace And Security,4,Thematic
1992,International Tribunals,NA,Thematic
1993,International Tribunals,NA,Thematic
1994,International Tribunals,NA,Thematic
1995,International Tribunals,NA,Thematic
1996,International Tribunals,1,Thematic
1997,International Tribunals,NA,Thematic
1998,International Tribunals,NA,Thematic
1999,International Tribunals,2,Thematic
2000,International Tribunals,2,Thematic
2001,International Tribunals,2,Thematic
2002,International Tribunals,5,Thematic
2003,International Tribunals,7,Thematic
2004,International Tribunals,5,Thematic
2005,International Tribunals,8,Thematic
2006,International Tribunals,7,Thematic
2007,International Tribunals,5,Thematic
2008,International Tribunals,8,Thematic
2009,International Tribunals,6,Thematic
2010,International Tribunals,8,Thematic
2011,International Tribunals,8,Thematic
2012,International Tribunals,6,Thematic
2013,International Tribunals,3,Thematic
2014,International Tribunals,3,Thematic
2015,International Tribunals,4,Thematic
2016,International Tribunals,5,Thematic
2017,International Tribunals,2,Thematic
2018,International Tribunals,4,Thematic
2019,International Tribunals,2,Thematic
2020,International Tribunals,4,Thematic
2021,International Tribunals,2,Thematic
2022,International Tribunals,3,Thematic
1992,Humanitarian Assistance,NA,Thematic
1993,Humanitarian Assistance,NA,Thematic
1994,Humanitarian Assistance,NA,Thematic
1995,Humanitarian Assistance,NA,Thematic
1996,Humanitarian Assistance,NA,Thematic
1997,Humanitarian Assistance,2,Thematic
1998,Humanitarian Assistance,3,Thematic
1999,Humanitarian Assistance,2,Thematic
2000,Humanitarian Assistance,4,Thematic
2001,Humanitarian Assistance,NA,Thematic
2002,Humanitarian Assistance,1,Thematic
2003,Humanitarian Assistance,NA,Thematic
2004,Humanitarian Assistance,1,Thematic
2005,Humanitarian Assistance,NA,Thematic
2006,Humanitarian Assistance,1,Thematic
2007,Humanitarian Assistance,1,Thematic
2008,Humanitarian Assistance,1,Thematic
2009,Humanitarian Assistance,1,Thematic
2010,Humanitarian Assistance,NA,Thematic
2011,Humanitarian Assistance,NA,Thematic
2012,Humanitarian Assistance,NA,Thematic
2013,Humanitarian Assistance,NA,Thematic
2014,Humanitarian Assistance,NA,Thematic
2015,Humanitarian Assistance,NA,Thematic
2016,Humanitarian Assistance,NA,Thematic
2017,Humanitarian Assistance,2,Thematic
2018,Humanitarian Assistance,NA,Thematic
2019,Humanitarian Assistance,1,Thematic
2020,Humanitarian Assistance,1,Thematic
2021,Humanitarian Assistance,1,Thematic
2022,Humanitarian Assistance,NA,Thematic
1992,Hiv/Aids,NA,Thematic
1993,Hiv/Aids,NA,Thematic
1994,Hiv/Aids,NA,Thematic
1995,Hiv/Aids,NA,Thematic
1996,Hiv/Aids,NA,Thematic
1997,Hiv/Aids,NA,Thematic
1998,Hiv/Aids,NA,Thematic
1999,Hiv/Aids,NA,Thematic
2000,Hiv/Aids,1,Thematic
2001,Hiv/Aids,2,Thematic
2002,Hiv/Aids,NA,Thematic
2003,Hiv/Aids,1,Thematic
2004,Hiv/Aids,NA,Thematic
2005,Hiv/Aids,1,Thematic
2006,Hiv/Aids,NA,Thematic
2007,Hiv/Aids,NA,Thematic
2008,Hiv/Aids,NA,Thematic
2009,Hiv/Aids,NA,Thematic
2010,Hiv/Aids,NA,Thematic
2011,Hiv/Aids,NA,Thematic
2012,Hiv/Aids,NA,Thematic
2013,Hiv/Aids,NA,Thematic
2014,Hiv/Aids,NA,Thematic
2015,Hiv/Aids,NA,Thematic
2016,Hiv/Aids,NA,Thematic
2017,Hiv/Aids,NA,Thematic
2018,Hiv/Aids,NA,Thematic
2019,Hiv/Aids,NA,Thematic
2020,Hiv/Aids,NA,Thematic
2021,Hiv/Aids,NA,Thematic
2022,Hiv/Aids,NA,Thematic
1992,Food And Security,NA,Thematic
1993,Food And Security,NA,Thematic
1994,Food And Security,NA,Thematic
1995,Food And Security,NA,Thematic
1996,Food And Security,NA,Thematic
1997,Food And Security,NA,Thematic
1998,Food And Security,NA,Thematic
1999,Food And Security,NA,Thematic
2000,Food And Security,NA,Thematic
2001,Food And Security,NA,Thematic
2002,Food And Security,2,Thematic
2003,Food And Security,1,Thematic
2004,Food And Security,NA,Thematic
2005,Food And Security,NA,Thematic
2006,Food And Security,NA,Thematic
2007,Food And Security,NA,Thematic
2008,Food And Security,NA,Thematic
2009,Food And Security,NA,Thematic
2010,Food And Security,NA,Thematic
2011,Food And Security,NA,Thematic
2012,Food And Security,NA,Thematic
2013,Food And Security,NA,Thematic
2014,Food And Security,NA,Thematic
2015,Food And Security,NA,Thematic
2016,Food And Security,NA,Thematic
2017,Food And Security,NA,Thematic
2018,Food And Security,NA,Thematic
2019,Food And Security,NA,Thematic
2020,Food And Security,NA,Thematic
2021,Food And Security,NA,Thematic
2022,Food And Security,NA,Thematic
1992,Conflict Prevention,NA,Thematic
1993,Conflict Prevention,NA,Thematic
1994,Conflict Prevention,NA,Thematic
1995,Conflict Prevention,NA,Thematic
1996,Conflict Prevention,NA,Thematic
1997,Conflict Prevention,NA,Thematic
1998,Conflict Prevention,NA,Thematic
1999,Conflict Prevention,2,Thematic
2000,Conflict Prevention,1,Thematic
2001,Conflict Prevention,2,Thematic
2002,Conflict Prevention,NA,Thematic
2003,Conflict Prevention,NA,Thematic
2004,Conflict Prevention,NA,Thematic
2005,Conflict Prevention,NA,Thematic
2006,Conflict Prevention,NA,Thematic
2007,Conflict Prevention,NA,Thematic
2008,Conflict Prevention,NA,Thematic
2009,Conflict Prevention,NA,Thematic
2010,Conflict Prevention,NA,Thematic
2011,Conflict Prevention,NA,Thematic
2012,Conflict Prevention,NA,Thematic
2013,Conflict Prevention,NA,Thematic
2014,Conflict Prevention,NA,Thematic
2015,Conflict Prevention,NA,Thematic
2016,Conflict Prevention,NA,Thematic
2017,Conflict Prevention,NA,Thematic
2018,Conflict Prevention,NA,Thematic
2019,Conflict Prevention,NA,Thematic
2020,Conflict Prevention,NA,Thematic
2021,Conflict Prevention,NA,Thematic
2022,Conflict Prevention,NA,Thematic
1992,Conflict Diamonds,NA,Thematic
1993,Conflict Diamonds,NA,Thematic
1994,Conflict Diamonds,NA,Thematic
1995,Conflict Diamonds,NA,Thematic
1996,Conflict Diamonds,NA,Thematic
1997,Conflict Diamonds,NA,Thematic
1998,Conflict Diamonds,NA,Thematic
1999,Conflict Diamonds,NA,Thematic
2000,Conflict Diamonds,NA,Thematic
2001,Conflict Diamonds,NA,Thematic
2002,Conflict Diamonds,NA,Thematic
2003,Conflict Diamonds,1,Thematic
2004,Conflict Diamonds,NA,Thematic
2005,Conflict Diamonds,NA,Thematic
2006,Conflict Diamonds,NA,Thematic
2007,Conflict Diamonds,NA,Thematic
2008,Conflict Diamonds,NA,Thematic
2009,Conflict Diamonds,NA,Thematic
2010,Conflict Diamonds,NA,Thematic
2011,Conflict Diamonds,NA,Thematic
2012,Conflict Diamonds,NA,Thematic
2013,Conflict Diamonds,NA,Thematic
2014,Conflict Diamonds,NA,Thematic
2015,Conflict Diamonds,NA,Thematic
2016,Conflict Diamonds,NA,Thematic
2017,Conflict Diamonds,NA,Thematic
2018,Conflict Diamonds,NA,Thematic
2019,Conflict Diamonds,NA,Thematic
2020,Conflict Diamonds,NA,Thematic
2021,Conflict Diamonds,NA,Thematic
2022,Conflict Diamonds,NA,Thematic
1992,Climate Change,NA,Thematic
1993,Climate Change,NA,Thematic
1994,Climate Change,NA,Thematic
1995,Climate Change,NA,Thematic
1996,Climate Change,NA,Thematic
1997,Climate Change,NA,Thematic
1998,Climate Change,NA,Thematic
1999,Climate Change,NA,Thematic
2000,Climate Change,NA,Thematic
2001,Climate Change,NA,Thematic
2002,Climate Change,NA,Thematic
2003,Climate Change,NA,Thematic
2004,Climate Change,NA,Thematic
2005,Climate Change,NA,Thematic
2006,Climate Change,NA,Thematic
2007,Climate Change,1,Thematic
2008,Climate Change,NA,Thematic
2009,Climate Change,NA,Thematic
2010,Climate Change,NA,Thematic
2011,Climate Change,NA,Thematic
2012,Climate Change,NA,Thematic
2013,Climate Change,NA,Thematic
2014,Climate Change,NA,Thematic
2015,Climate Change,NA,Thematic
2016,Climate Change,NA,Thematic
2017,Climate Change,NA,Thematic
2018,Climate Change,NA,Thematic
2019,Climate Change,NA,Thematic
2020,Climate Change,NA,Thematic
2021,Climate Change,NA,Thematic
2022,Climate Change,NA,Thematic
1992,Children And Armed Conflict,NA,Thematic
1993,Children And Armed Conflict,NA,Thematic
1994,Children And Armed Conflict,NA,Thematic
1995,Children And Armed Conflict,NA,Thematic
1996,Children And Armed Conflict,NA,Thematic
1997,Children And Armed Conflict,NA,Thematic
1998,Children And Armed Conflict,2,Thematic
1999,Children And Armed Conflict,1,Thematic
2000,Children And Armed Conflict,2,Thematic
2001,Children And Armed Conflict,2,Thematic
2002,Children And Armed Conflict,1,Thematic
2003,Children And Armed Conflict,2,Thematic
2004,Children And Armed Conflict,2,Thematic
2005,Children And Armed Conflict,2,Thematic
2006,Children And Armed Conflict,2,Thematic
2007,Children And Armed Conflict,NA,Thematic
2008,Children And Armed Conflict,2,Thematic
2009,Children And Armed Conflict,2,Thematic
2010,Children And Armed Conflict,1,Thematic
2011,Children And Armed Conflict,1,Thematic
2012,Children And Armed Conflict,1,Thematic
2013,Children And Armed Conflict,1,Thematic
2014,Children And Armed Conflict,2,Thematic
2015,Children And Armed Conflict,2,Thematic
2016,Children And Armed Conflict,1,Thematic
2017,Children And Armed Conflict,1,Thematic
2018,Children And Armed Conflict,1,Thematic
2019,Children And Armed Conflict,1,Thematic
2020,Children And Armed Conflict,3,Thematic
2021,Children And Armed Conflict,2,Thematic
2022,Children And Armed Conflict,1,Thematic
1992,An Agenda For Peace,3,Thematic
1993,An Agenda For Peace,5,Thematic
1994,An Agenda For Peace,4,Thematic
1995,An Agenda For Peace,4,Thematic
1996,An Agenda For Peace,NA,Thematic
1997,An Agenda For Peace,NA,Thematic
1998,An Agenda For Peace,NA,Thematic
1999,An Agenda For Peace,NA,Thematic
2000,An Agenda For Peace,NA,Thematic
2001,An Agenda For Peace,NA,Thematic
2002,An Agenda For Peace,NA,Thematic
2003,An Agenda For Peace,NA,Thematic
2004,An Agenda For Peace,NA,Thematic
2005,An Agenda For Peace,NA,Thematic
2006,An Agenda For Peace,NA,Thematic
2007,An Agenda For Peace,NA,Thematic
2008,An Agenda For Peace,NA,Thematic
2009,An Agenda For Peace,NA,Thematic
2010,An Agenda For Peace,NA,Thematic
2011,An Agenda For Peace,NA,Thematic
2012,An Agenda For Peace,NA,Thematic
2013,An Agenda For Peace,NA,Thematic
2014,An Agenda For Peace,NA,Thematic
2015,An Agenda For Peace,NA,Thematic
2016,An Agenda For Peace,NA,Thematic
2017,An Agenda For Peace,NA,Thematic
2018,An Agenda For Peace,NA,Thematic
2019,An Agenda For Peace,NA,Thematic
2020,An Agenda For Peace,NA,Thematic
2021,An Agenda For Peace,NA,Thematic
2022,An Agenda For Peace,NA,Thematic
